Areas,Cases,Incidence,Deaths,Mortality,Population,Year,Disease
Total,9,0.01,0,0.0,62939819,2003,Diphtheria
North Region,4,0.03,0,0.0,12120537,2003,Diphtheria
Zone:1,1,0.02,0,0.0,5764017,2003,Diphtheria
Chiang Mai,0,0.0,0,0.0,1599538,2003,Diphtheria
Chiang Rai,0,0.0,0,0.0,1244564,2003,Diphtheria
Lampang,1,0.13,0,0.0,798996,2003,Diphtheria
Lamphun,0,0.0,0,0.0,408122,2003,Diphtheria
Mae Hong Son,0,0.0,0,0.0,239128,2003,Diphtheria
Nan,0,0.0,0,0.0,484961,2003,Diphtheria
Phayao,0,0.0,0,0.0,505032,2003,Diphtheria
Phrae,0,0.0,0,0.0,483676,2003,Diphtheria
Zone:2,1,0.03,0,0.0,3523807,2003,Diphtheria
Phetchabun,1,0.1,0,0.0,1046537,2003,Diphtheria
Phitsanulok,0,0.0,0,0.0,867520,2003,Diphtheria
Sukhothai,0,0.0,0,0.0,623396,2003,Diphtheria
Tak,0,0.0,0,0.0,503042,2003,Diphtheria
Uttaradit,0,0.0,0,0.0,483312,2003,Diphtheria
Zone:3,2,0.07,0,0.0,2832713,2003,Diphtheria
Kamphaeng Phet,2,0.26,0,0.0,771177,2003,Diphtheria
Nakhon Sawan,0,0.0,0,0.0,1128789,2003,Diphtheria
Phichit,0,0.0,0,0.0,594918,2003,Diphtheria
Uthai Thani,0,0.0,0,0.0,337829,2003,Diphtheria
Central Region,0,0.0,0,0.0,20726962,2003,Diphtheria
Zone:0,0,0.0,0,0.0,5813383,2003,Diphtheria
Bangkok,0,0.0,0,0.0,5813383,2003,Diphtheria
Zone:4,0,0.0,0,0.0,2679573,2003,Diphtheria
Ang Thong,0,0.0,0,0.0,290623,2003,Diphtheria
Nonthaburi,0,0.0,0,0.0,915043,2003,Diphtheria
P.Nakhon S.Ayutthaya,0,0.0,0,0.0,749751,2003,Diphtheria
Pathum Thani,0,0.0,0,0.0,724156,2003,Diphtheria
Zone:5,0,0.0,0,0.0,1964953,2003,Diphtheria
Chai Nat,0,0.0,0,0.0,349881,2003,Diphtheria
Lop Buri,0,0.0,0,0.0,768250,2003,Diphtheria
Saraburi,0,0.0,0,0.0,623783,2003,Diphtheria
Sing Buri,0,0.0,0,0.0,223039,2003,Diphtheria
Zone:6,0,0.0,0,0.0,3304766,2003,Diphtheria
Kanchanaburi,0,0.0,0,0.0,799588,2003,Diphtheria
Nakhon Pathom,0,0.0,0,0.0,807180,2003,Diphtheria
Ratchaburi,0,0.0,0,0.0,832005,2003,Diphtheria
Suphan Buri,0,0.0,0,0.0,865993,2003,Diphtheria
Zone:7,0,0.0,0,0.0,1602142,2003,Diphtheria
Phetchaburi,0,0.0,0,0.0,461539,2003,Diphtheria
Prachuap Khiri Khan,0,0.0,0,0.0,490479,2003,Diphtheria
Samut Sakhon,0,0.0,0,0.0,445557,2003,Diphtheria
Samut Songkhram,0,0.0,0,0.0,204567,2003,Diphtheria
Zone:8,0,0.0,0,0.0,2933038,2003,Diphtheria
Chachoengsao,0,0.0,0,0.0,651130,2003,Diphtheria
Nakhon Nayok,0,0.0,0,0.0,251471,2003,Diphtheria
Prachin Buri,0,0.0,0,0.0,453379,2003,Diphtheria
Sa Kaeo,0,0.0,0,0.0,540274,2003,Diphtheria
Samut Prakan,0,0.0,0,0.0,1036784,2003,Diphtheria
Zone:9,0,0.0,0,0.0,2429107,2003,Diphtheria
Chanthaburi,0,0.0,0,0.0,508799,2003,Diphtheria
Chon Buri,0,0.0,0,0.0,1143498,2003,Diphtheria
Rayong,0,0.0,0,0.0,551652,2003,Diphtheria
Trat,0,0.0,0,0.0,225158,2003,Diphtheria
North-Eastern Region,4,0.02,0,0.0,21634442,2003,Diphtheria
Zone:10,0,0.0,0,0.0,3579272,2003,Diphtheria
Loei,0,0.0,0,0.0,629836,2003,Diphtheria
Nong Bua Lam Phu,0,0.0,0,0.0,499257,2003,Diphtheria
Nong Khai,0,0.0,0,0.0,911409,2003,Diphtheria
Udon Thani,0,0.0,0,0.0,1538770,2003,Diphtheria
Zone:11,0,0.0,0,0.0,3157810,2003,Diphtheria
Kalasin,0,0.0,0,0.0,992407,2003,Diphtheria
Mukdahan,0,0.0,0,0.0,338675,2003,Diphtheria
Nakhon Phanom,0,0.0,0,0.0,715991,2003,Diphtheria
Sakon Nakhon,0,0.0,0,0.0,1110737,2003,Diphtheria
Zone:12,0,0.0,0,0.0,4035398,2003,Diphtheria
Khon Kaen,0,0.0,0,0.0,1769124,2003,Diphtheria
Maha Sarakham,0,0.0,0,0.0,943647,2003,Diphtheria
Roi Et,0,0.0,0,0.0,1322627,2003,Diphtheria
Zone:13,3,0.04,0,0.0,6676759,2003,Diphtheria
Buri Ram,0,0.0,0,0.0,1549894,2003,Diphtheria
Chaiyaphum,0,0.0,0,0.0,1137725,2003,Diphtheria
Nakhon Ratchasima,3,0.12,0,0.0,2586146,2003,Diphtheria
Surin,0,0.0,0,0.0,1402994,2003,Diphtheria
Zone:14,1,0.02,0,0.0,4185203,2003,Diphtheria
Amnat Charoen,0,0.0,0,0.0,370494,2003,Diphtheria
Si Sa Ket,1,0.07,0,0.0,1462254,2003,Diphtheria
Ubon Ratchathani,0,0.0,0,0.0,1799048,2003,Diphtheria
Yasothon,0,0.0,0,0.0,553407,2003,Diphtheria
South Region,1,0.01,0,0.0,8457878,2003,Diphtheria
Zone:15,0,0.0,0,0.0,1566662,2003,Diphtheria
Chumphon,0,0.0,0,0.0,475467,2003,Diphtheria
Ranong,0,0.0,0,0.0,163298,2003,Diphtheria
Surat Thani,0,0.0,0,0.0,927897,2003,Diphtheria
Zone:16,0,0.0,0,0.0,2642568,2003,Diphtheria
Nakhon Si Thammarat,0,0.0,0,0.0,1532483,2003,Diphtheria
Phatthalung,0,0.0,0,0.0,504526,2003,Diphtheria
Trang,0,0.0,0,0.0,605559,2003,Diphtheria
Zone:17,0,0.0,0,0.0,895704,2003,Diphtheria
Krabi,0,0.0,0,0.0,381184,2003,Diphtheria
Phangnga,0,0.0,0,0.0,240062,2003,Diphtheria
Phuket,0,0.0,0,0.0,274458,2003,Diphtheria
Zone:18,0,0.0,0,0.0,1797937,2003,Diphtheria
Narathiwat,0,0.0,0,0.0,704096,2003,Diphtheria
Pattani,0,0.0,0,0.0,631288,2003,Diphtheria
Yala,0,0.0,0,0.0,462553,2003,Diphtheria
Zone:19,1,0.06,0,0.0,1555007,2003,Diphtheria
Satun,0,0.0,0,0.0,272252,2003,Diphtheria
Songkhla,1,0.08,0,0.0,1282755,2003,Diphtheria
Total,13,0.02,4,0.01,62526710,2004,Diphtheria
North Region,0,0.0,0,0.0,11965439,2004,Diphtheria
Zone:1,0,0.0,0,0.0,5720315,2004,Diphtheria
Chiang Mai,0,0.0,0,0.0,1616995,2004,Diphtheria
Chiang Rai,0,0.0,0,0.0,1214659,2004,Diphtheria
Lampang,0,0.0,0,0.0,788071,2004,Diphtheria
Lamphun,0,0.0,0,0.0,406911,2004,Diphtheria
Mae Hong Son,0,0.0,0,0.0,240988,2004,Diphtheria
Nan,0,0.0,0,0.0,479968,2004,Diphtheria
Phayao,0,0.0,0,0.0,494926,2004,Diphtheria
Phrae,0,0.0,0,0.0,477797,2004,Diphtheria
Zone:2,0,0.0,0,0.0,3480797,2004,Diphtheria
Phetchabun,0,0.0,0,0.0,1026733,2004,Diphtheria
Phitsanulok,0,0.0,0,0.0,854440,2004,Diphtheria
Sukhothai,0,0.0,0,0.0,616536,2004,Diphtheria
Tak,0,0.0,0,0.0,507296,2004,Diphtheria
Uttaradit,0,0.0,0,0.0,475792,2004,Diphtheria
Zone:3,0,0.0,0,0.0,2764327,2004,Diphtheria
Kamphaeng Phet,0,0.0,0,0.0,750331,2004,Diphtheria
Nakhon Sawan,0,0.0,0,0.0,1102099,2004,Diphtheria
Phichit,0,0.0,0,0.0,579155,2004,Diphtheria
Uthai Thani,0,0.0,0,0.0,332742,2004,Diphtheria
Central Region,7,0.03,2,0.01,20631429,2004,Diphtheria
Bangkok,0,0.0,0,0.0,5739370,2004,Diphtheria
Zone:4,0,0.0,0,0.0,2721016,2004,Diphtheria
Ang Thong,0,0.0,0,0.0,286896,2004,Diphtheria
Nonthaburi,0,0.0,0,0.0,933591,2004,Diphtheria
P.Nakhon S.Ayutthaya,0,0.0,0,0.0,745828,2004,Diphtheria
Pathum Thani,0,0.0,0,0.0,754701,2004,Diphtheria
Zone:5,0,0.0,0,0.0,1936502,2004,Diphtheria
Chai Nat,0,0.0,0,0.0,345355,2004,Diphtheria
Lop Buri,0,0.0,0,0.0,759000,2004,Diphtheria
Saraburi,0,0.0,0,0.0,610722,2004,Diphtheria
Sing Buri,0,0.0,0,0.0,221425,2004,Diphtheria
Zone:6,6,0.18,1,0.03,3287786,2004,Diphtheria
Kanchanaburi,6,0.75,1,0.12,803802,2004,Diphtheria
Nakhon Pathom,0,0.0,0,0.0,805210,2004,Diphtheria
Ratchaburi,0,0.0,0,0.0,824406,2004,Diphtheria
Suphan Buri,0,0.0,0,0.0,854368,2004,Diphtheria
Zone:7,0,0.0,0,0.0,1587519,2004,Diphtheria
Phetchaburi,0,0.0,0,0.0,456384,2004,Diphtheria
Prachuap Khiri Khan,0,0.0,0,0.0,486084,2004,Diphtheria
Samut Sakhon,0,0.0,0,0.0,445443,2004,Diphtheria
Samut Songkhram,0,0.0,0,0.0,199608,2004,Diphtheria
Zone:8,0,0.0,0,0.0,2934598,2004,Diphtheria
Chachoengsao,0,0.0,0,0.0,647967,2004,Diphtheria
Nakhon Nayok,0,0.0,0,0.0,250235,2004,Diphtheria
Prachin Buri,0,0.0,0,0.0,449940,2004,Diphtheria
Sa Kaeo,0,0.0,0,0.0,538823,2004,Diphtheria
Samut Prakan,0,0.0,0,0.0,1047633,2004,Diphtheria
Zone:9,1,0.04,1,0.04,2424638,2004,Diphtheria
Chanthaburi,1,0.2,1,0.2,502794,2004,Diphtheria
Chon Buri,0,0.0,0,0.0,1150048,2004,Diphtheria
Rayong,0,0.0,0,0.0,550310,2004,Diphtheria
Trat,0,0.0,0,0.0,221486,2004,Diphtheria
North-Eastern Region,1,0.0,0,0.0,21463567,2004,Diphtheria
Zone:10,0,0.0,0,0.0,3549364,2004,Diphtheria
Loei,0,0.0,0,0.0,617280,2004,Diphtheria
Nong Bua Lam Phu,0,0.0,0,0.0,497298,2004,Diphtheria
Nong Khai,0,0.0,0,0.0,904499,2004,Diphtheria
Udon Thani,0,0.0,0,0.0,1530287,2004,Diphtheria
Zone:11,1,0.03,0,0.0,3127236,2004,Diphtheria
Kalasin,1,0.1,0,0.0,982947,2004,Diphtheria
Mukdahan,0,0.0,0,0.0,335819,2004,Diphtheria
Nakhon Phanom,0,0.0,0,0.0,700800,2004,Diphtheria
Sakon Nakhon,0,0.0,0,0.0,1107670,2004,Diphtheria
Zone:12,0,0.0,0,0.0,4012215,2004,Diphtheria
Khon Kaen,0,0.0,0,0.0,1756177,2004,Diphtheria
Maha Sarakham,0,0.0,0,0.0,939718,2004,Diphtheria
Roi Et,0,0.0,0,0.0,1316320,2004,Diphtheria
Zone:13,0,0.0,0,0.0,6621384,2004,Diphtheria
Buri Ram,0,0.0,0,0.0,1539135,2004,Diphtheria
Chaiyaphum,0,0.0,0,0.0,1128031,2004,Diphtheria
Nakhon Ratchasima,0,0.0,0,0.0,2565197,2004,Diphtheria
Surin,0,0.0,0,0.0,1389021,2004,Diphtheria
Zone:14,0,0.0,0,0.0,4153368,2004,Diphtheria
Amnat Charoen,0,0.0,0,0.0,369071,2004,Diphtheria
Si Sa Ket,0,0.0,0,0.0,1452971,2004,Diphtheria
Ubon Ratchathani,0,0.0,0,0.0,1784192,2004,Diphtheria
Yasothon,0,0.0,0,0.0,547134,2004,Diphtheria
South Region,5,0.06,2,0.02,8466275,2004,Diphtheria
Zone:15,2,0.13,0,0.0,1581379,2004,Diphtheria
Chumphon,0,0.0,0,0.0,474592,2004,Diphtheria
Ranong,2,1.18,0,0.0,169904,2004,Diphtheria
Surat Thani,0,0.0,0,0.0,936883,2004,Diphtheria
Zone:16,0,0.0,0,0.0,2619221,2004,Diphtheria
Nakhon Si Thammarat,0,0.0,0,0.0,1515708,2004,Diphtheria
Phatthalung,0,0.0,0,0.0,501447,2004,Diphtheria
Trang,0,0.0,0,0.0,602066,2004,Diphtheria
Zone:17,0,0.0,0,0.0,908170,2004,Diphtheria
Krabi,0,0.0,0,0.0,386084,2004,Diphtheria
Phangnga,0,0.0,0,0.0,239895,2004,Diphtheria
Phuket,0,0.0,0,0.0,282191,2004,Diphtheria
Zone:18,3,0.17,2,0.11,1795905,2004,Diphtheria
Narathiwat,1,0.14,0,0.0,701008,2004,Diphtheria
Pattani,1,0.16,1,0.16,632240,2004,Diphtheria
Yala,1,0.22,1,0.22,462657,2004,Diphtheria
Zone:19,0,0.0,0,0.0,1561600,2004,Diphtheria
Satun,0,0.0,0,0.0,273624,2004,Diphtheria
Songkhla,0,0.0,0,0.0,1287976,2004,Diphtheria
Total,1,0.0,1,0.0,62195878,2005,Diphtheria
North Region,0,0.0,0,0.0,11862916,2005,Diphtheria
Zone:1,0,0.0,0,0.0,5729312,2005,Diphtheria
Chiang Mai,0,0.0,0,0.0,1640390,2005,Diphtheria
Chiang Rai,0,0.0,0,0.0,1219732,2005,Diphtheria
Lampang,0,0.0,0,0.0,777827,2005,Diphtheria
Lamphun,0,0.0,0,0.0,404754,2005,Diphtheria
Mae Hong Son,0,0.0,0,0.0,248672,2005,Diphtheria
Nan,0,0.0,0,0.0,477917,2005,Diphtheria
Phayao,0,0.0,0,0.0,487616,2005,Diphtheria
Phrae,0,0.0,0,0.0,472404,2005,Diphtheria
Zone:2,0,0.0,0,0.0,3442642,2005,Diphtheria
Phetchabun,0,0.0,0,0.0,1001820,2005,Diphtheria
Phitsanulok,0,0.0,0,0.0,841248,2005,Diphtheria
Sukhothai,0,0.0,0,0.0,610871,2005,Diphtheria
Tak,0,0.0,0,0.0,519037,2005,Diphtheria
Uttaradit,0,0.0,0,0.0,469666,2005,Diphtheria
Zone:3,0,0.0,0,0.0,2690962,2005,Diphtheria
Kamphaeng Phet,0,0.0,0,0.0,727351,2005,Diphtheria
Nakhon Sawan,0,0.0,0,0.0,1077634,2005,Diphtheria
Phichit,0,0.0,0,0.0,559611,2005,Diphtheria
Uthai Thani,0,0.0,0,0.0,326366,2005,Diphtheria
Central Region,0,0.0,0,0.0,20560399,2005,Diphtheria
Bangkok,0,0.0,0,0.0,5646543,2005,Diphtheria
Zone:4,0,0.0,0,0.0,2777019,2005,Diphtheria
Ang Thong,0,0.0,0,0.0,283373,2005,Diphtheria
Nonthaburi,0,0.0,0,0.0,957287,2005,Diphtheria
P.Nakhon S.Ayutthaya,0,0.0,0,0.0,743659,2005,Diphtheria
Pathum Thani,0,0.0,0,0.0,792700,2005,Diphtheria
Zone:5,0,0.0,0,0.0,1909368,2005,Diphtheria
Chai Nat,0,0.0,0,0.0,340812,2005,Diphtheria
Lop Buri,0,0.0,0,0.0,750718,2005,Diphtheria
Saraburi,0,0.0,0,0.0,598905,2005,Diphtheria
Sing Buri,0,0.0,0,0.0,218933,2005,Diphtheria
Zone:6,0,0.0,0,0.0,3282327,2005,Diphtheria
Kanchanaburi,0,0.0,0,0.0,818218,2005,Diphtheria
Nakhon Pathom,0,0.0,0,0.0,803489,2005,Diphtheria
Ratchaburi,0,0.0,0,0.0,819286,2005,Diphtheria
Suphan Buri,0,0.0,0,0.0,841334,2005,Diphtheria
Zone:7,0,0.0,0,0.0,1578246,2005,Diphtheria
Phetchaburi,0,0.0,0,0.0,452506,2005,Diphtheria
Prachuap Khiri Khan,0,0.0,0,0.0,483243,2005,Diphtheria
Samut Sakhon,0,0.0,0,0.0,447353,2005,Diphtheria
Samut Songkhram,0,0.0,0,0.0,195144,2005,Diphtheria
Zone:8,0,0.0,0,0.0,2943051,2005,Diphtheria
Chachoengsao,0,0.0,0,0.0,645521,2005,Diphtheria
Nakhon Nayok,0,0.0,0,0.0,249686,2005,Diphtheria
Prachin Buri,0,0.0,0,0.0,447783,2005,Diphtheria
Sa Kaeo,0,0.0,0,0.0,536591,2005,Diphtheria
Samut Prakan,0,0.0,0,0.0,1063470,2005,Diphtheria
Zone:9,0,0.0,0,0.0,2423845,2005,Diphtheria
Chanthaburi,0,0.0,0,0.0,496081,2005,Diphtheria
Chon Buri,0,0.0,0,0.0,1157709,2005,Diphtheria
Rayong,0,0.0,0,0.0,551512,2005,Diphtheria
Trat,0,0.0,0,0.0,218543,2005,Diphtheria
North-Eastern Region,0,0.0,0,0.0,21297778,2005,Diphtheria
Zone:10,0,0.0,0,0.0,3524138,2005,Diphtheria
Loei,0,0.0,0,0.0,611448,2005,Diphtheria
Nong Bua Lam Phu,0,0.0,0,0.0,495626,2005,Diphtheria
Nong Khai,0,0.0,0,0.0,895911,2005,Diphtheria
Udon Thani,0,0.0,0,0.0,1521153,2005,Diphtheria
Zone:11,0,0.03,0,0.0,3101003,2005,Diphtheria
Kalasin,0,0.0,0,0.0,972425,2005,Diphtheria
Mukdahan,0,0.0,0,0.0,333338,2005,Diphtheria
Nakhon Phanom,0,0.0,0,0.0,692377,2005,Diphtheria
Sakon Nakhon,0,0.0,0,0.0,1102863,2005,Diphtheria
Zone:12,0,0.0,0,0.0,3991075,2005,Diphtheria
Khon Kaen,0,0.0,0,0.0,1744646,2005,Diphtheria
Maha Sarakham,0,0.0,0,0.0,935967,2005,Diphtheria
Roi Et,0,0.0,0,0.0,1310462,2005,Diphtheria
Zone:13,0,0.0,0,0.0,6560991,2005,Diphtheria
Buri Ram,0,0.0,0,0.0,1527846,2005,Diphtheria
Chaiyaphum,0,0.0,0,0.0,1117026,2005,Diphtheria
Nakhon Ratchasima,0,0.0,0,0.0,2543054,2005,Diphtheria
Surin,0,0.0,0,0.0,1373065,2005,Diphtheria
Zone:14,0,0.0,0,0.0,4120571,2005,Diphtheria
Amnat Charoen,0,0.0,0,0.0,368153,2005,Diphtheria
Si Sa Ket,0,0.0,0,0.0,1442190,2005,Diphtheria
Ubon Ratchathani,0,0.0,0,0.0,1768935,2005,Diphtheria
Yasothon,0,0.0,0,0.0,541293,2005,Diphtheria
South Region,1,0.01,1,0.01,8474785,2005,Diphtheria
Zone:15,0,0.0,0,0.0,1593965,2005,Diphtheria
Chumphon,0,0.0,0,0.0,473916,2005,Diphtheria
Ranong,0,0.0,0,0.0,177247,2005,Diphtheria
Surat Thani,0,0.0,0,0.0,942802,2005,Diphtheria
Zone:16,0,0.0,0,0.0,2600847,2005,Diphtheria
Nakhon Si Thammarat,0,0.0,0,0.0,1502382,2005,Diphtheria
Phatthalung,0,0.0,0,0.0,499399,2005,Diphtheria
Trang,0,0.0,0,0.0,599066,2005,Diphtheria
Zone:17,0,0.0,0,0.0,921037,2005,Diphtheria
Krabi,0,0.0,0,0.0,391709,2005,Diphtheria
Phangnga,0,0.0,0,0.0,240254,2005,Diphtheria
Phuket,0,0.0,0,0.0,289074,2005,Diphtheria
Zone:18,0,0.0,0,0.0,1791264,2005,Diphtheria
Narathiwat,0,0.0,0,0.0,697150,2005,Diphtheria
Pattani,0,0.0,0,0.0,632119,2005,Diphtheria
Yala,0,0.0,0,0.0,461995,2005,Diphtheria
Zone:19,1,0.06,1,0.06,1567672,2005,Diphtheria
Satun,0,0.0,0,0.0,275706,2005,Diphtheria
Songkhla,1,0.08,1,0.08,1291966,2005,Diphtheria
Total,2,0.0,1,0.0,62623416,2006,Diphtheria
North Region,1,0.01,0,0.0,11887142,2006,Diphtheria
Zone:1,1,0.02,0,0.0,5748673,2006,Diphtheria
Chiang Mai,0,0.0,0,0.0,1654154,2006,Diphtheria
Chiang Rai,1,0.08,0,0.0,1225386,2006,Diphtheria
Lampang,0,0.0,0,0.0,775259,2006,Diphtheria
Lamphun,0,0.0,0,0.0,405146,2006,Diphtheria
Mae Hong Son,0,0.0,0,0.0,254392,2006,Diphtheria
Nan,0,0.0,0,0.0,477871,2006,Diphtheria
Phayao,0,0.0,0,0.0,486554,2006,Diphtheria
Phrae,0,0.0,0,0.0,469911,2006,Diphtheria
Zone:2,0,0.0,0,0.0,3448091,2006,Diphtheria
Phetchabun,0,0.0,0,0.0,1002388,2006,Diphtheria
Phitsanulok,0,0.0,0,0.0,842739,2006,Diphtheria
Sukhothai,0,0.0,0,0.0,609591,2006,Diphtheria
Tak,0,0.0,0,0.0,524938,2006,Diphtheria
Uttaradit,0,0.0,0,0.0,468435,2006,Diphtheria
Zone:3,0,0.0,0,0.0,2690378,2006,Diphtheria
Kamphaeng Phet,0,0.0,0,0.0,728293,2006,Diphtheria
Nakhon Sawan,0,0.0,0,0.0,1076911,2006,Diphtheria
Phichit,0,0.0,0,0.0,558314,2006,Diphtheria
Uthai Thani,0,0.0,0,0.0,326860,2006,Diphtheria
Central Region,0,0.0,0,0.0,20825142,2006,Diphtheria
Bangkok,0,0.0,0,0.0,5677455,2006,Diphtheria
Zone:4,0,0.0,0,0.0,2858658,2006,Diphtheria
Ang Thong,0,0.0,0,0.0,283861,2006,Diphtheria
Nonthaburi,0,0.0,0,0.0,985669,2006,Diphtheria
P.Nakhon S.Ayutthaya,0,0.0,0,0.0,750757,2006,Diphtheria
Pathum Thani,0,0.0,0,0.0,838371,2006,Diphtheria
Zone:5,0,0.0,0,0.0,1915186,2006,Diphtheria
Chai Nat,0,0.0,0,0.0,339568,2006,Diphtheria
Lop Buri,0,0.0,0,0.0,752364,2006,Diphtheria
Saraburi,0,0.0,0,0.0,605897,2006,Diphtheria
Sing Buri,0,0.0,0,0.0,217357,2006,Diphtheria
Zone:6,0,0.0,0,0.0,3315213,2006,Diphtheria
Kanchanaburi,0,0.0,0,0.0,830309,2006,Diphtheria
Nakhon Pathom,0,0.0,0,0.0,815433,2006,Diphtheria
Ratchaburi,0,0.0,0,0.0,826212,2006,Diphtheria
Suphan Buri,0,0.0,0,0.0,843259,2006,Diphtheria
Zone:7,0,0.0,0,0.0,1598232,2006,Diphtheria
Phetchaburi,0,0.0,0,0.0,455332,2006,Diphtheria
Prachuap Khiri Khan,0,0.0,0,0.0,490607,2006,Diphtheria
Samut Sakhon,0,0.0,0,0.0,457264,2006,Diphtheria
Samut Songkhram,0,0.0,0,0.0,195029,2006,Diphtheria
Zone:8,0,0.0,0,0.0,2983258,2006,Diphtheria
Chachoengsao,0,0.0,0,0.0,650909,2006,Diphtheria
Nakhon Nayok,0,0.0,0,0.0,250392,2006,Diphtheria
Prachin Buri,0,0.0,0,0.0,451721,2006,Diphtheria
Sa Kaeo,0,0.0,0,0.0,537661,2006,Diphtheria
Samut Prakan,0,0.0,0,0.0,1092575,2006,Diphtheria
Zone:9,0,0.0,0,0.0,2477140,2006,Diphtheria
Chanthaburi,0,0.0,0,0.0,500275,2006,Diphtheria
Chon Buri,0,0.0,0,0.0,1190861,2006,Diphtheria
Rayong,0,0.0,0,0.0,566461,2006,Diphtheria
Trat,0,0.0,0,0.0,219543,2006,Diphtheria
North-Eastern Region,0,0.0,0,0.0,21352480,2006,Diphtheria
Zone:10,0,0.0,0,0.0,3533061,2006,Diphtheria
Loei,0,0.0,0,0.0,612863,2006,Diphtheria
Nong Bua Lam Phu,0,0.0,0,0.0,496675,2006,Diphtheria
Nong Khai,0,0.0,0,0.0,897840,2006,Diphtheria
Udon Thani,0,0.0,0,0.0,1525683,2006,Diphtheria
Zone:11,0,0.0,0,0.0,3110390,2006,Diphtheria
Kalasin,0,0.0,0,0.0,974560,2006,Diphtheria
Mukdahan,0,0.0,0,0.0,334781,2006,Diphtheria
Nakhon Phanom,0,0.0,0,0.0,694473,2006,Diphtheria
Sakon Nakhon,0,0.0,0,0.0,1106576,2006,Diphtheria
Zone:12,0,0.0,0,0.0,3996666,2006,Diphtheria
Khon Kaen,0,0.0,0,0.0,1749021,2006,Diphtheria
Maha Sarakham,0,0.0,0,0.0,937285,2006,Diphtheria
Roi Et,0,0.0,0,0.0,1310360,2006,Diphtheria
Zone:13,0,0.0,0,0.0,6578271,2006,Diphtheria
Buri Ram,0,0.0,0,0.0,1534076,2006,Diphtheria
Chaiyaphum,0,0.0,0,0.0,1118040,2006,Diphtheria
Nakhon Ratchasima,0,0.0,0,0.0,2551176,2006,Diphtheria
Surin,0,0.0,0,0.0,1374979,2006,Diphtheria
Zone:14,0,0.0,0,0.0,4134092,2006,Diphtheria
Amnat Charoen,0,0.0,0,0.0,368863,2006,Diphtheria
Si Sa Ket,0,0.0,0,0.0,1445230,2006,Diphtheria
Ubon Ratchathani,0,0.0,0,0.0,1778922,2006,Diphtheria
Yasothon,0,0.0,0,0.0,541077,2006,Diphtheria
South Region,1,0.01,1,0.01,8558652,2006,Diphtheria
Zone:15,0,0.0,0,0.0,1610374,2006,Diphtheria
Chumphon,0,0.0,0,0.0,477364,2006,Diphtheria
Ranong,0,0.0,0,0.0,178986,2006,Diphtheria
Surat Thani,0,0.0,0,0.0,954024,2006,Diphtheria
Zone:16,0,0.0,0,0.0,2614100,2006,Diphtheria
Nakhon Si Thammarat,0,0.0,0,0.0,1507440,2006,Diphtheria
Phatthalung,0,0.0,0,0.0,501912,2006,Diphtheria
Trang,0,0.0,0,0.0,604748,2006,Diphtheria
Zone:17,0,0.0,0,0.0,939424,2006,Diphtheria
Krabi,0,0.0,0,0.0,399514,2006,Diphtheria
Phangnga,0,0.0,0,0.0,243419,2006,Diphtheria
Phuket,0,0.0,0,0.0,296491,2006,Diphtheria
Zone:18,1,0.06,1,0.06,1805088,2006,Diphtheria
Narathiwat,0,0.0,0,0.0,703848,2006,Diphtheria
Pattani,1,0.16,1,0.16,635053,2006,Diphtheria
Yala,0,0.0,0,0.0,466187,2006,Diphtheria
Zone:19,0,0.0,0,0.0,1589666,2006,Diphtheria
Satun,0,0.0,0,0.0,279705,2006,Diphtheria
Songkhla,0,0.0,0,0.0,1309961,2006,Diphtheria
Total,3,0.0,1,0.0,62933515,2007,Diphtheria
North Region,1,0.01,0,0.0,11881352,2007,Diphtheria
Zone:1,0,0.0,0,0.0,5750312,2007,Diphtheria
Chiang Mai,0,0.0,0,0.0,1661349,2007,Diphtheria
Chiang Rai,0,0.0,0,0.0,1225364,2007,Diphtheria
Lampang,0,0.0,0,0.0,772202,2007,Diphtheria
Lamphun,0,0.0,0,0.0,405361,2007,Diphtheria
Mae Hong Son,0,0.0,0,0.0,254990,2007,Diphtheria
Nan,0,0.0,0,0.0,477522,2007,Diphtheria
Phayao,0,0.0,0,0.0,486399,2007,Diphtheria
Phrae,0,0.0,0,0.0,467125,2007,Diphtheria
Zone:2,0,0.0,0,0.0,3445764,2007,Diphtheria
Phetchabun,0,0.0,0,0.0,999924,2007,Diphtheria
Phitsanulok,0,0.0,0,0.0,843096,2007,Diphtheria
Sukhothai,0,0.0,0,0.0,607061,2007,Diphtheria
Tak,0,0.0,0,0.0,529303,2007,Diphtheria
Uttaradit,0,0.0,0,0.0,466380,2007,Diphtheria
Zone:3,1,0.04,0,0.0,2685276,2007,Diphtheria
Kamphaeng Phet,0,0.0,0,0.0,727158,2007,Diphtheria
Nakhon Sawan,1,0.09,0,0.0,1074849,2007,Diphtheria
Phichit,0,0.0,0,0.0,556287,2007,Diphtheria
Uthai Thani,0,0.0,0,0.0,326982,2007,Diphtheria
Central Region,2,0.01,1,0.0,21043273,2007,Diphtheria
Bangkok,1,0.02,1,0.02,5706103,2007,Diphtheria
Zone:4,0,0.0,0,0.0,2932544,2007,Diphtheria
Ang Thong,0,0.0,0,0.0,284175,2007,Diphtheria
Nonthaburi,0,0.0,0,0.0,1011624,2007,Diphtheria
P.Nakhon S.Ayutthaya,0,0.0,0,0.0,757654,2007,Diphtheria
Pathum Thani,0,0.0,0,0.0,879091,2007,Diphtheria
Zone:5,0,0.0,0,0.0,1918492,2007,Diphtheria
Chai Nat,0,0.0,0,0.0,338077,2007,Diphtheria
Lop Buri,0,0.0,0,0.0,751298,2007,Diphtheria
Saraburi,0,0.0,0,0.0,612806,2007,Diphtheria
Sing Buri,0,0.0,0,0.0,216311,2007,Diphtheria
Zone:6,0,0.0,0,0.0,3334732,2007,Diphtheria
Kanchanaburi,0,0.0,0,0.0,834865,2007,Diphtheria
Nakhon Pathom,0,0.0,0,0.0,826438,2007,Diphtheria
Ratchaburi,0,0.0,0,0.0,830184,2007,Diphtheria
Suphan Buri,0,0.0,0,0.0,843245,2007,Diphtheria
Zone:7,0,0.0,0,0.0,1611697,2007,Diphtheria
Phetchaburi,0,0.0,0,0.0,456371,2007,Diphtheria
Prachuap Khiri Khan,0,0.0,0,0.0,494502,2007,Diphtheria
Samut Sakhon,0,0.0,0,0.0,466222,2007,Diphtheria
Samut Songkhram,0,0.0,0,0.0,194602,2007,Diphtheria
Zone:8,1,0.03,0,0.0,3016265,2007,Diphtheria
Chachoengsao,1,0.15,0,0.0,656586,2007,Diphtheria
Nakhon Nayok,0,0.0,0,0.0,249250,2007,Diphtheria
Prachin Buri,0,0.0,0,0.0,454404,2007,Diphtheria
Sa Kaeo,0,0.0,0,0.0,538741,2007,Diphtheria
Samut Prakan,0,0.0,0,0.0,1117284,2007,Diphtheria
Zone:9,0,0.0,0,0.0,2523440,2007,Diphtheria
Chanthaburi,0,0.0,0,0.0,503197,2007,Diphtheria
Chon Buri,0,0.0,0,0.0,1221369,2007,Diphtheria
Rayong,0,0.0,0,0.0,578628,2007,Diphtheria
Trat,0,0.0,0,0.0,220246,2007,Diphtheria
North-Eastern Region,0,0.0,0,0.0,21381249,2007,Diphtheria
Zone:10,0,0.0,0,0.0,3541793,2007,Diphtheria
Loei,0,0.0,0,0.0,614421,2007,Diphtheria
Nong Bua Lam Phu,0,0.0,0,0.0,497148,2007,Diphtheria
Nong Khai,0,0.0,0,0.0,901100,2007,Diphtheria
Udon Thani,0,0.0,0,0.0,1529124,2007,Diphtheria
Zone:11,0,0.0,0,0.0,3119599,2007,Diphtheria
Kalasin,0,0.0,0,0.0,976536,2007,Diphtheria
Mukdahan,0,0.0,0,0.0,335778,2007,Diphtheria
Nakhon Phanom,0,0.0,0,0.0,696229,2007,Diphtheria
Sakon Nakhon,0,0.0,0,0.0,1111056,2007,Diphtheria
Zone:12,0,0.0,0,0.0,3997622,2007,Diphtheria
Khon Kaen,0,0.0,0,0.0,1751458,2007,Diphtheria
Maha Sarakham,0,0.0,0,0.0,936846,2007,Diphtheria
Roi Et,0,0.0,0,0.0,1309318,2007,Diphtheria
Zone:13,0,0.0,0,0.0,6583974,2007,Diphtheria
Buri Ram,0,0.0,0,0.0,1536396,2007,Diphtheria
Chaiyaphum,0,0.0,0,0.0,1119372,2007,Diphtheria
Nakhon Ratchasima,0,0.0,0,0.0,2554241,2007,Diphtheria
Surin,0,0.0,0,0.0,1373965,2007,Diphtheria
Zone:14,0,0.0,0,0.0,4138261,2007,Diphtheria
Amnat Charoen,0,0.0,0,0.0,368925,2007,Diphtheria
Si Sa Ket,0,0.0,0,0.0,1444748,2007,Diphtheria
Ubon Ratchathani,0,0.0,0,0.0,1784372,2007,Diphtheria
Yasothon,0,0.0,0,0.0,540216,2007,Diphtheria
South Region,0,0.0,0,0.0,8627641,2007,Diphtheria
Zone:15,0,0.0,0,0.0,1626011,2007,Diphtheria
Chumphon,0,0.0,0,0.0,480131,2007,Diphtheria
Ranong,0,0.0,0,0.0,180319,2007,Diphtheria
Surat Thani,0,0.0,0,0.0,965561,2007,Diphtheria
Zone:16,0,0.0,0,0.0,2620564,2007,Diphtheria
Nakhon Si Thammarat,0,0.0,0,0.0,1508729,2007,Diphtheria
Phatthalung,0,0.0,0,0.0,502943,2007,Diphtheria
Trang,0,0.0,0,0.0,608892,2007,Diphtheria
Zone:17,0,0.0,0,0.0,961258,2007,Diphtheria
Krabi,0,0.0,0,0.0,406999,2007,Diphtheria
Phangnga,0,0.0,0,0.0,246141,2007,Diphtheria
Phuket,0,0.0,0,0.0,308118,2007,Diphtheria
Zone:18,0,0.0,0,0.0,1815585,2007,Diphtheria
Narathiwat,0,0.0,0,0.0,709345,2007,Diphtheria
Pattani,0,0.0,0,0.0,636768,2007,Diphtheria
Yala,0,0.0,0,0.0,469472,2007,Diphtheria
Zone:19,0,0.0,0,0.0,1604223,2007,Diphtheria
Satun,0,0.0,0,0.0,283014,2007,Diphtheria
Songkhla,0,0.0,0,0.0,1321209,2007,Diphtheria
Total,8,0.01,6,0.01,63214022,2008,Diphtheria
Central Region,1,0.0,1,0.0,21226352,2008,Diphtheria
Bangkok,0,0.0,0,0.0,5713566,2008,Diphtheria
Zone:1,0,0.0,0,0.0,3335057,2008,Diphtheria
Nonthaburi,0,0.0,0,0.0,1038392,2008,Diphtheria
P.Nakhon S.Ayutthaya,0,0.0,0,0.0,764919,2008,Diphtheria
Pathum Thani,0,0.0,0,0.0,913047,2008,Diphtheria
Saraburi,0,0.0,0,0.0,618699,2008,Diphtheria
Zone:2,0,0.0,0,0.0,1588582,2008,Diphtheria
Ang Thong,0,0.0,0,0.0,284619,2008,Diphtheria
Chai Nat,0,0.0,0,0.0,336550,2008,Diphtheria
Lop Buri,0,0.0,0,0.0,751811,2008,Diphtheria
Sing Buri,0,0.0,0,0.0,215602,2008,Diphtheria
Zone:3,1,0.03,1,0.03,3046070,2008,Diphtheria
Chachoengsao,0,0.0,0,0.0,661898,2008,Diphtheria
Nakhon Nayok,0,0.0,0,0.0,249625,2008,Diphtheria
Prachin Buri,0,0.0,0,0.0,457184,2008,Diphtheria
Sa Kaeo,1,0.19,1,0.19,540281,2008,Diphtheria
Samut Prakan,0,0.0,0,0.0,1137082,2008,Diphtheria
Zone:4,0,0.0,0,0.0,3352570,2008,Diphtheria
Kanchanaburi,0,0.0,0,0.0,838094,2008,Diphtheria
Nakhon Pathom,0,0.0,0,0.0,837285,2008,Diphtheria
Ratchaburi,0,0.0,0,0.0,833650,2008,Diphtheria
Suphan Buri,0,0.0,0,0.0,843541,2008,Diphtheria
Zone:5,0,0.0,0,0.0,1623176,2008,Diphtheria
Phetchaburi,0,0.0,0,0.0,457518,2008,Diphtheria
Prachuap Khiri Khan,0,0.0,0,0.0,497483,2008,Diphtheria
Samut Sakhon,0,0.0,0,0.0,474041,2008,Diphtheria
Samut Songkhram,0,0.0,0,0.0,194134,2008,Diphtheria
Zone:9,0,0.0,0,0.0,2567331,2008,Diphtheria
Chanthaburi,0,0.0,0,0.0,506012,2008,Diphtheria
Chon Buri,0,0.0,0,0.0,1249067,2008,Diphtheria
Rayong,0,0.0,0,0.0,591067,2008,Diphtheria
Trat,0,0.0,0,0.0,221185,2008,Diphtheria
South Region,6,0.07,4,0.05,8698196,2008,Diphtheria
Zone:6,0,0.0,0,0.0,3473895,2008,Diphtheria
Chumphon,0,0.0,0,0.0,483011,2008,Diphtheria
Nakhon Si Thammarat,0,0.0,0,0.0,1510081,2008,Diphtheria
Phatthalung,0,0.0,0,0.0,503847,2008,Diphtheria
Surat Thani,0,0.0,0,0.0,976956,2008,Diphtheria
Zone:7,0,0.0,0,0.0,1778692,2008,Diphtheria
Krabi,0,0.0,0,0.0,414670,2008,Diphtheria
Phangnga,0,0.0,0,0.0,248411,2008,Diphtheria
Phuket,0,0.0,0,0.0,321252,2008,Diphtheria
Ranong,0,0.0,0,0.0,181758,2008,Diphtheria
Trang,0,0.0,0,0.0,612601,2008,Diphtheria
Zone:8,6,0.17,4,0.12,3445609,2008,Diphtheria
Narathiwat,0,0.0,0,0.0,715724,2008,Diphtheria
Pattani,1,0.16,0,0.0,639988,2008,Diphtheria
Satun,0,0.0,0,0.0,286446,2008,Diphtheria
Songkhla,0,0.0,0,0.0,1330342,2008,Diphtheria
Yala,5,1.06,4,0.85,473109,2008,Diphtheria
North-Eastern Region,0,0.0,0,0.0,21414180,2008,Diphtheria
Zone:10,0,0.0,0,0.0,3553449,2008,Diphtheria
Loei,0,0.0,0,0.0,616981,2008,Diphtheria
Nong Bua Lam Phu,0,0.0,0,0.0,498562,2008,Diphtheria
Nong Khai,0,0.0,0,0.0,904748,2008,Diphtheria
Udon Thani,0,0.0,0,0.0,1533158,2008,Diphtheria
Zone:11,0,0.0,0,0.0,2149587,2008,Diphtheria
Mukdahan,0,0.0,0,0.0,336802,2008,Diphtheria
Nakhon Phanom,0,0.0,0,0.0,698235,2008,Diphtheria
Sakon Nakhon,0,0.0,0,0.0,1114550,2008,Diphtheria
Zone:12,0,0.0,0,0.0,4976635,2008,Diphtheria
Kalasin,0,0.0,0,0.0,978046,2008,Diphtheria
Khon Kaen,0,0.0,0,0.0,1754258,2008,Diphtheria
Maha Sarakham,0,0.0,0,0.0,936430,2008,Diphtheria
Roi Et,0,0.0,0,0.0,1307901,2008,Diphtheria
Zone:13,0,0.0,0,0.0,4141403,2008,Diphtheria
Amnat Charoen,0,0.0,0,0.0,369196,2008,Diphtheria
Si Sa Ket,0,0.0,0,0.0,1442212,2008,Diphtheria
Ubon Ratchathani,0,0.0,0,0.0,1790581,2008,Diphtheria
Yasothon,0,0.0,0,0.0,539414,2008,Diphtheria
Zone:14,0,0.0,0,0.0,6593106,2008,Diphtheria
Buri Ram,0,0.0,0,0.0,1538861,2008,Diphtheria
Chaiyaphum,0,0.0,0,0.0,1121123,2008,Diphtheria
Nakhon Ratchasima,0,0.0,0,0.0,2559006,2008,Diphtheria
Surin,0,0.0,0,0.0,1374116,2008,Diphtheria
North Region,1,0.01,1,0.01,11875294,2008,Diphtheria
Zone:15,0,0.0,0,0.0,3095362,2008,Diphtheria
Chiang Mai,0,0.0,0,0.0,1667358,2008,Diphtheria
Lampang,0,0.0,0,0.0,769115,2008,Diphtheria
Lamphun,0,0.0,0,0.0,405141,2008,Diphtheria
Mae Hong Son,0,0.0,0,0.0,253748,2008,Diphtheria
Zone:16,1,0.04,1,0.04,2654508,2008,Diphtheria
Chiang Rai,1,0.08,1,0.08,1226165,2008,Diphtheria
Nan,0,0.0,0,0.0,476683,2008,Diphtheria
Phayao,0,0.0,0,0.0,486983,2008,Diphtheria
Phrae,0,0.0,0,0.0,464677,2008,Diphtheria
Zone:17,0,0.0,0,0.0,3443651,2008,Diphtheria
Phetchabun,0,0.0,0,0.0,996882,2008,Diphtheria
Phitsanulok,0,0.0,0,0.0,842840,2008,Diphtheria
Sukhothai,0,0.0,0,0.0,604559,2008,Diphtheria
Tak,0,0.0,0,0.0,534629,2008,Diphtheria
Uttaradit,0,0.0,0,0.0,464741,2008,Diphtheria
Zone:18,0,0.0,0,0.0,2681773,2008,Diphtheria
Kamphaeng Phet,0,0.0,0,0.0,726104,2008,Diphtheria
Nakhon Sawan,0,0.0,0,0.0,1073962,2008,Diphtheria
Phichit,0,0.0,0,0.0,554426,2008,Diphtheria
Uthai Thani,0,0.0,0,0.0,327281,2008,Diphtheria
Total,12,0.02,2,0.0,63457439,2009,Diphtheria
Central Region,0,0.0,0,0.0,21386001,2009,Diphtheria
Bangkok,0,0.0,0,0.0,5706739,2009,Diphtheria
Zone:1,0,0.0,0,0.0,3397461,2009,Diphtheria
Nonthaburi,0,0.0,0,0.0,1065332,2009,Diphtheria
P.Nakhon S.Ayutthaya,0,0.0,0,0.0,772142,2009,Diphtheria
Pathum Thani,0,0.0,0,0.0,942813,2009,Diphtheria
Saraburi,0,0.0,0,0.0,617174,2009,Diphtheria
Zone:2,0,0.0,0,0.0,1590058,2009,Diphtheria
Ang Thong,0,0.0,0,0.0,284819,2009,Diphtheria
Chai Nat,0,0.0,0,0.0,335686,2009,Diphtheria
Lop Buri,0,0.0,0,0.0,754127,2009,Diphtheria
Sing Buri,0,0.0,0,0.0,215426,2009,Diphtheria
Zone:3,0,0.0,0,0.0,3076347,2009,Diphtheria
Chachoengsao,0,0.0,0,0.0,666907,2009,Diphtheria
Nakhon Nayok,0,0.0,0,0.0,251219,2009,Diphtheria
Prachin Buri,0,0.0,0,0.0,460617,2009,Diphtheria
Sa Kaeo,0,0.0,0,0.0,541939,2009,Diphtheria
Samut Prakan,0,0.0,0,0.0,1155665,2009,Diphtheria
Zone:4,0,0.0,0,0.0,3364769,2009,Diphtheria
Kanchanaburi,0,0.0,0,0.0,837165,2009,Diphtheria
Nakhon Pathom,0,0.0,0,0.0,847513,2009,Diphtheria
Ratchaburi,0,0.0,0,0.0,835546,2009,Diphtheria
Suphan Buri,0,0.0,0,0.0,844545,2009,Diphtheria
Zone:5,0,0.0,0,0.0,1637557,2009,Diphtheria
Phetchaburi,0,0.0,0,0.0,460108,2009,Diphtheria
Prachuap Khiri Khan,0,0.0,0,0.0,502221,2009,Diphtheria
Samut Sakhon,0,0.0,0,0.0,481377,2009,Diphtheria
Samut Songkhram,0,0.0,0,0.0,193851,2009,Diphtheria
Zone:9,0,0.0,0,0.0,2613070,2009,Diphtheria
Chanthaburi,0,0.0,0,0.0,509633,2009,Diphtheria
Chon Buri,0,0.0,0,0.0,1277139,2009,Diphtheria
Rayong,0,0.0,0,0.0,605380,2009,Diphtheria
Trat,0,0.0,0,0.0,220918,2009,Diphtheria
South Region,12,0.14,2,0.02,8777720,2009,Diphtheria
Zone:6,0,0.0,0,0.0,3496373,2009,Diphtheria
Chumphon,0,0.0,0,0.0,486233,2009,Diphtheria
Nakhon Si Thammarat,0,0.0,0,0.0,1514832,2009,Diphtheria
Phatthalung,0,0.0,0,0.0,506454,2009,Diphtheria
Surat Thani,0,0.0,0,0.0,988854,2009,Diphtheria
Zone:7,0,0.0,0,0.0,1803902,2009,Diphtheria
Krabi,0,0.0,0,0.0,422631,2009,Diphtheria
Phangnga,0,0.0,0,0.0,250796,2009,Diphtheria
Phuket,0,0.0,0,0.0,331460,2009,Diphtheria
Ranong,0,0.0,0,0.0,182242,2009,Diphtheria
Trang,0,0.0,0,0.0,616773,2009,Diphtheria
Zone:8,12,0.35,2,0.06,3477445,2009,Diphtheria
Narathiwat,0,0.0,0,0.0,724001,2009,Diphtheria
Pattani,2,0.31,2,0.31,644897,2009,Diphtheria
Satun,0,0.0,0,0.0,290755,2009,Diphtheria
Songkhla,0,0.0,0,0.0,1339861,2009,Diphtheria
Yala,10,2.09,0,0.0,477931,2009,Diphtheria
North-Eastern Region,0,0.0,0,0.0,21469269,2009,Diphtheria
Zone:10,0,0.0,0,0.0,3564168,2009,Diphtheria
Loei,0,0.0,0,0.0,619602,2009,Diphtheria
Nong Bua Lam Phu,0,0.0,0,0.0,500217,2009,Diphtheria
Nong Khai,0,0.0,0,0.0,907064,2009,Diphtheria
Udon Thani,0,0.0,0,0.0,1537285,2009,Diphtheria
Zone:11,0,0.0,0,0.0,2155042,2009,Diphtheria
Mukdahan,0,0.0,0,0.0,337773,2009,Diphtheria
Nakhon Phanom,0,0.0,0,0.0,700027,2009,Diphtheria
Sakon Nakhon,0,0.0,0,0.0,1117242,2009,Diphtheria
Zone:12,0,0.0,0,0.0,4984201,2009,Diphtheria
Kalasin,0,0.0,0,0.0,979371,2009,Diphtheria
Khon Kaen,0,0.0,0,0.0,1759172,2009,Diphtheria
Maha Sarakham,0,0.0,0,0.0,937972,2009,Diphtheria
Roi Et,0,0.0,0,0.0,1307686,2009,Diphtheria
Zone:13,0,0.0,0,0.0,4152834,2009,Diphtheria
Amnat Charoen,0,0.0,0,0.0,370141,2009,Diphtheria
Si Sa Ket,0,0.0,0,0.0,1443879,2009,Diphtheria
Ubon Ratchathani,0,0.0,0,0.0,1799604,2009,Diphtheria
Yasothon,0,0.0,0,0.0,539210,2009,Diphtheria
Zone:14,0,0.0,0,0.0,6613024,2009,Diphtheria
Buri Ram,0,0.0,0,0.0,1544218,2009,Diphtheria
Chaiyaphum,0,0.0,0,0.0,1123907,2009,Diphtheria
Nakhon Ratchasima,0,0.0,0,0.0,2568205,2009,Diphtheria
Surin,0,0.0,0,0.0,1376694,2009,Diphtheria
North Region,0,0.0,0,0.0,11824449,2009,Diphtheria
Zone:15,0,0.0,0,0.0,3069670,2009,Diphtheria
Chiang Mai,0,0.0,0,0.0,1651433,2009,Diphtheria
Lampang,0,0.0,0,0.0,766057,2009,Diphtheria
Lamphun,0,0.0,0,0.0,404910,2009,Diphtheria
Mae Hong Son,0,0.0,0,0.0,247270,2009,Diphtheria
Zone:16,0,0.0,0,0.0,2636963,2009,Diphtheria
Chiang Rai,0,0.0,0,0.0,1211126,2009,Diphtheria
Nan,0,0.0,0,0.0,475799,2009,Diphtheria
Phayao,0,0.0,0,0.0,487254,2009,Diphtheria
Phrae,0,0.0,0,0.0,462784,2009,Diphtheria
Zone:17,0,0.0,0,0.0,3436350,2009,Diphtheria
Phetchabun,0,0.0,0,0.0,995679,2009,Diphtheria
Phitsanulok,0,0.0,0,0.0,844779,2009,Diphtheria
Sukhothai,0,0.0,0,0.0,603316,2009,Diphtheria
Tak,0,0.0,0,0.0,528997,2009,Diphtheria
Uttaradit,0,0.0,0,0.0,463579,2009,Diphtheria
Zone:18,0,0.0,0,0.0,2681466,2009,Diphtheria
Kamphaeng Phet,0,0.0,0,0.0,726530,2009,Diphtheria
Nakhon Sawan,0,0.0,0,0.0,1073554,2009,Diphtheria
Phichit,0,0.0,0,0.0,553653,2009,Diphtheria
Uthai Thani,0,0.0,0,0.0,327729,2009,Diphtheria
Total,77,0.12,15,0.02,63701703,2010,Diphtheria
Central Region,3,0.01,1,0.0,21534318,2010,Diphtheria
Zone:0,0,0.0,0,0.0,5701995,2010,Diphtheria
Bangkok,0,0.0,0,0.0,5701995,2010,Diphtheria
Zone:1,0,0.0,0,0.0,3454591,2010,Diphtheria
Nonthaburi,0,0.0,0,0.0,1089908,2010,Diphtheria
P.Nakhon S.Ayutthaya,0,0.0,0,0.0,778627,2010,Diphtheria
Pathum Thani,0,0.0,0,0.0,971010,2010,Diphtheria
Saraburi,0,0.0,0,0.0,615046,2010,Diphtheria
Zone:2,0,0.0,0,0.0,1590200,2010,Diphtheria
Ang Thong,0,0.0,0,0.0,284889,2010,Diphtheria
Chai Nat,0,0.0,0,0.0,335177,2010,Diphtheria
Lop Buri,0,0.0,0,0.0,755153,2010,Diphtheria
Sing Buri,0,0.0,0,0.0,214981,2010,Diphtheria
Zone:3,1,0.03,1,0.03,3105799,2010,Diphtheria
Chachoengsao,0,0.0,0,0.0,671458,2010,Diphtheria
Nakhon Nayok,0,0.0,0,0.0,252209,2010,Diphtheria
Prachin Buri,0,0.0,0,0.0,464213,2010,Diphtheria
Sa Kaeo,0,0.0,0,0.0,543276,2010,Diphtheria
Samut Prakan,1,0.09,1,0.09,1174643,2010,Diphtheria
Zone:4,2,0.06,0,0.0,3374810,2010,Diphtheria
Kanchanaburi,2,0.24,0,0.0,836600,2010,Diphtheria
Nakhon Pathom,0,0.0,0,0.0,855837,2010,Diphtheria
Ratchaburi,0,0.0,0,0.0,837153,2010,Diphtheria
Suphan Buri,0,0.0,0,0.0,845220,2010,Diphtheria
Zone:5,0,0.0,0,0.0,1651335,2010,Diphtheria
Phetchaburi,0,0.0,0,0.0,462636,2010,Diphtheria
Prachuap Khiri Khan,0,0.0,0,0.0,506599,2010,Diphtheria
Samut Sakhon,0,0.0,0,0.0,488247,2010,Diphtheria
Samut Songkhram,0,0.0,0,0.0,193853,2010,Diphtheria
Zone:9,0,0.0,0,0.0,2655588,2010,Diphtheria
Chanthaburi,0,0.0,0,0.0,512932,2010,Diphtheria
Chon Buri,0,0.0,0,0.0,1302942,2010,Diphtheria
Rayong,0,0.0,0,0.0,619249,2010,Diphtheria
Trat,0,0.0,0,0.0,220465,2010,Diphtheria
South Region,71,0.8,14,0.16,8853473,2010,Diphtheria
Zone:6,0,0.0,0,0.0,3514344,2010,Diphtheria
Chumphon,0,0.0,0,0.0,488855,2010,Diphtheria
Nakhon Si Thammarat,0,0.0,0,0.0,1519531,2010,Diphtheria
Phatthalung,0,0.0,0,0.0,508656,2010,Diphtheria
Surat Thani,0,0.0,0,0.0,997302,2010,Diphtheria
Zone:7,0,0.0,0,0.0,1825591,2010,Diphtheria
Krabi,0,0.0,0,0.0,429631,2010,Diphtheria
Phangnga,0,0.0,0,0.0,252385,2010,Diphtheria
Phuket,0,0.0,0,0.0,340490,2010,Diphtheria
Ranong,0,0.0,0,0.0,182417,2010,Diphtheria
Trang,0,0.0,0,0.0,620668,2010,Diphtheria
Zone:8,71,2.02,14,0.4,3513538,2010,Diphtheria
Narathiwat,1,0.14,1,0.14,732617,2010,Diphtheria
Pattani,46,7.06,9,1.38,651442,2010,Diphtheria
Satun,0,0.0,0,0.0,295133,2010,Diphtheria
Songkhla,2,0.15,0,0.0,1350489,2010,Diphtheria
Yala,22,4.55,4,0.83,483857,2010,Diphtheria
North-Eastern Region,1,0.0,0,0.0,21534582,2010,Diphtheria
Zone:10,0,0.0,0,0.0,3576272,2010,Diphtheria
Loei,0,0.0,0,0.0,622424,2010,Diphtheria
Nong Bua Lam Phu,0,0.0,0,0.0,501891,2010,Diphtheria
Nong Khai,0,0.0,0,0.0,910094,2010,Diphtheria
Udon Thani,0,0.0,0,0.0,1541863,2010,Diphtheria
Zone:11,0,0.0,0,0.0,2161531,2010,Diphtheria
Mukdahan,0,0.0,0,0.0,338812,2010,Diphtheria
Nakhon Phanom,0,0.0,0,0.0,702041,2010,Diphtheria
Sakon Nakhon,0,0.0,0,0.0,1120678,2010,Diphtheria
Zone:12,1,0.02,0,0.0,4995226,2010,Diphtheria
Kalasin,0,0.0,0,0.0,981369,2010,Diphtheria
Khon Kaen,1,0.06,0,0.0,1764922,2010,Diphtheria
Maha Sarakham,0,0.0,0,0.0,940001,2010,Diphtheria
Roi Et,0,0.0,0,0.0,1308934,2010,Diphtheria
Zone:13,0,0.0,0,0.0,4168498,2010,Diphtheria
Amnat Charoen,0,0.0,0,0.0,371471,2010,Diphtheria
Si Sa Ket,0,0.0,0,0.0,1449409,2010,Diphtheria
Ubon Ratchathani,0,0.0,0,0.0,1808422,2010,Diphtheria
Yasothon,0,0.0,0,0.0,539196,2010,Diphtheria
Zone:14,0,0.0,0,0.0,6633055,2010,Diphtheria
Buri Ram,0,0.0,0,0.0,1550275,2010,Diphtheria
Chaiyaphum,0,0.0,0,0.0,1126295,2010,Diphtheria
Nakhon Ratchasima,0,0.0,0,0.0,2576691,2010,Diphtheria
Surin,0,0.0,0,0.0,1379794,2010,Diphtheria
North Region,2,0.02,0,0.0,11779330,2010,Diphtheria
Zone:15,0,0.0,0,0.0,3046660,2010,Diphtheria
Chiang Mai,0,0.0,0,0.0,1636514,2010,Diphtheria
Lampang,0,0.0,0,0.0,763224,2010,Diphtheria
Lamphun,0,0.0,0,0.0,404627,2010,Diphtheria
Mae Hong Son,0,0.0,0,0.0,242295,2010,Diphtheria
Zone:16,2,0.08,0,0.0,2620701,2010,Diphtheria
Chiang Rai,2,0.17,0,0.0,1196576,2010,Diphtheria
Nan,0,0.0,0,0.0,475989,2010,Diphtheria
Phayao,0,0.0,0,0.0,486713,2010,Diphtheria
Phrae,0,0.0,0,0.0,461423,2010,Diphtheria
Zone:17,0,0.0,0,0.0,3430959,2010,Diphtheria
Phetchabun,0,0.0,0,0.0,995578,2010,Diphtheria
Phitsanulok,0,0.0,0,0.0,847627,2010,Diphtheria
Sukhothai,0,0.0,0,0.0,602296,2010,Diphtheria
Tak,0,0.0,0,0.0,522673,2010,Diphtheria
Uttaradit,0,0.0,0,0.0,462785,2010,Diphtheria
Zone:18,0,0.0,0,0.0,2681010,2010,Diphtheria
Kamphaeng Phet,0,0.0,0,0.0,726970,2010,Diphtheria
Nakhon Sawan,0,0.0,0,0.0,1073182,2010,Diphtheria
Phichit,0,0.0,0,0.0,552942,2010,Diphtheria
Uthai Thani,0,0.0,0,0.0,327916,2010,Diphtheria
Total,28,0.04,11,0.02,63977185,2011,Diphtheria
Central Region,1,0.0,0,0.0,21679246,2011,Diphtheria
Zone:0,0,0.0,0,0.0,5688119,2011,Diphtheria
Bangkok,0,0.0,0,0.0,5688119,2011,Diphtheria
Zone:1,0,0.0,0,0.0,3514250,2011,Diphtheria
Nonthaburi,0,0.0,0,0.0,1112185,2011,Diphtheria
P.Nakhon S.Ayutthaya,0,0.0,0,0.0,784875,2011,Diphtheria
Pathum Thani,0,0.0,0,0.0,998271,2011,Diphtheria
Saraburi,0,0.0,0,0.0,618919,2011,Diphtheria
Zone:2,1,0.06,0,0.0,1588727,2011,Diphtheria
Ang Thong,0,0.0,0,0.0,284516,2011,Diphtheria
Chai Nat,0,0.0,0,0.0,334096,2011,Diphtheria
Lop Buri,1,0.13,0,0.0,755991,2011,Diphtheria
Sing Buri,0,0.0,0,0.0,214124,2011,Diphtheria
Zone:3,0,0.0,0,0.0,3137098,2011,Diphtheria
Chachoengsao,0,0.0,0,0.0,676652,2011,Diphtheria
Nakhon Nayok,0,0.0,0,0.0,253283,2011,Diphtheria
Prachin Buri,0,0.0,0,0.0,468113,2011,Diphtheria
Sa Kaeo,0,0.0,0,0.0,544848,2011,Diphtheria
Samut Prakan,0,0.0,0,0.0,1194202,2011,Diphtheria
Zone:4,0,0.0,0,0.0,3388832,2011,Diphtheria
Kanchanaburi,0,0.0,0,0.0,839345,2011,Diphtheria
Nakhon Pathom,0,0.0,0,0.0,863155,2011,Diphtheria
Ratchaburi,0,0.0,0,0.0,840880,2011,Diphtheria
Suphan Buri,0,0.0,0,0.0,845452,2011,Diphtheria
Zone:5,0,0.0,0,0.0,1665473,2011,Diphtheria
Phetchaburi,0,0.0,0,0.0,465056,2011,Diphtheria
Prachuap Khiri Khan,0,0.0,0,0.0,510852,2011,Diphtheria
Samut Sakhon,0,0.0,0,0.0,495493,2011,Diphtheria
Samut Songkhram,0,0.0,0,0.0,194072,2011,Diphtheria
Zone:9,0,0.0,0,0.0,2696747,2011,Diphtheria
Chanthaburi,0,0.0,0,0.0,515736,2011,Diphtheria
Chon Buri,0,0.0,0,0.0,1327475,2011,Diphtheria
Rayong,0,0.0,0,0.0,632069,2011,Diphtheria
Trat,0,0.0,0,0.0,221467,2011,Diphtheria
South Region,26,0.29,11,0.12,8932459,2011,Diphtheria
Zone:6,0,0.0,0,0.0,3531913,2011,Diphtheria
Chumphon,0,0.0,0,0.0,491073,2011,Diphtheria
Nakhon Si Thammarat,0,0.0,0,0.0,1524317,2011,Diphtheria
Phatthalung,0,0.0,0,0.0,510299,2011,Diphtheria
Surat Thani,0,0.0,0,0.0,1006224,2011,Diphtheria
Zone:7,1,0.05,0,0.0,1846999,2011,Diphtheria
Krabi,0,0.0,0,0.0,435372,2011,Diphtheria
Phangnga,0,0.0,0,0.0,254022,2011,Diphtheria
Phuket,1,0.29,0,0.0,349457,2011,Diphtheria
Ranong,0,0.0,0,0.0,183464,2011,Diphtheria
Trang,0,0.0,0,0.0,624684,2011,Diphtheria
Zone:8,25,0.7,11,0.31,3553547,2011,Diphtheria
Narathiwat,11,1.48,4,0.54,742268,2011,Diphtheria
Pattani,10,1.52,4,0.61,659373,2011,Diphtheria
Satun,0,0.0,0,0.0,299315,2011,Diphtheria
Songkhla,1,0.07,1,0.07,1362017,2011,Diphtheria
Yala,3,0.61,2,0.41,490574,2011,Diphtheria
North-Eastern Region,0,0.0,0,0.0,21579612,2011,Diphtheria
Zone:10,0,0.0,0,0.0,3588872,2011,Diphtheria
Bungkan,0,0.0,0,0.0,203818,2011,Diphtheria
Loei,0,0.0,0,0.0,624493,2011,Diphtheria
Nong Bua Lam Phu,0,0.0,0,0.0,502710,2011,Diphtheria
Nong Khai,0,0.0,0,0.0,711404,2011,Diphtheria
Udon Thani,0,0.0,0,0.0,1546447,2011,Diphtheria
Zone:11,0,0.0,0,0.0,2167288,2011,Diphtheria
Mukdahan,0,0.0,0,0.0,340079,2011,Diphtheria
Nakhon Phanom,0,0.0,0,0.0,704080,2011,Diphtheria
Sakon Nakhon,0,0.0,0,0.0,1123129,2011,Diphtheria
Zone:12,0,0.0,0,0.0,4996659,2011,Diphtheria
Kalasin,0,0.0,0,0.0,982117,2011,Diphtheria
Khon Kaen,0,0.0,0,0.0,1766834,2011,Diphtheria
Maha Sarakham,0,0.0,0,0.0,940324,2011,Diphtheria
Roi Et,0,0.0,0,0.0,1307384,2011,Diphtheria
Zone:13,0,0.0,0,0.0,4178156,2011,Diphtheria
Amnat Charoen,0,0.0,0,0.0,372190,2011,Diphtheria
Si Sa Ket,0,0.0,0,0.0,1452338,2011,Diphtheria
Ubon Ratchathani,0,0.0,0,0.0,1814573,2011,Diphtheria
Yasothon,0,0.0,0,0.0,539055,2011,Diphtheria
Zone:14,0,0.0,0,0.0,6648637,2011,Diphtheria
Buri Ram,0,0.0,0,0.0,1556426,2011,Diphtheria
Chaiyaphum,0,0.0,0,0.0,1127423,2011,Diphtheria
Nakhon Ratchasima,0,0.0,0,0.0,2583707,2011,Diphtheria
Surin,0,0.0,0,0.0,1381081,2011,Diphtheria
North Region,1,0.01,0,0.0,11785868,2011,Diphtheria
Zone:15,1,0.03,0,0.0,3050706,2011,Diphtheria
Chiang Mai,0,0.0,0,0.0,1643312,2011,Diphtheria
Lampang,0,0.0,0,0.0,759742,2011,Diphtheria
Lamphun,0,0.0,0,0.0,404257,2011,Diphtheria
Mae Hong Son,1,0.41,0,0.0,243395,2011,Diphtheria
Zone:16,0,0.0,0,0.0,2621067,2011,Diphtheria
Chiang Rai,0,0.0,0,0.0,1198438,2011,Diphtheria
Nan,0,0.0,0,0.0,476488,2011,Diphtheria
Phayao,0,0.0,0,0.0,486388,2011,Diphtheria
Phrae,0,0.0,0,0.0,459753,2011,Diphtheria
Zone:17,0,0.0,0,0.0,3435767,2011,Diphtheria
Phetchabun,0,0.0,0,0.0,993420,2011,Diphtheria
Phitsanulok,0,0.0,0,0.0,850525,2011,Diphtheria
Sukhothai,0,0.0,0,0.0,601642,2011,Diphtheria
Tak,0,0.0,0,0.0,528351,2011,Diphtheria
Uttaradit,0,0.0,0,0.0,461829,2011,Diphtheria
Zone:18,0,0.0,0,0.0,2678328,2011,Diphtheria
Kamphaeng Phet,0,0.0,0,0.0,726551,2011,Diphtheria
Nakhon Sawan,0,0.0,0,0.0,1072591,2011,Diphtheria
Phichit,0,0.0,0,0.0,551189,2011,Diphtheria
Uthai Thani,0,0.0,0,0.0,327997,2011,Diphtheria
Total,63,0.1,8,0.01,64075986,2012,Diphtheria
Central Region,0,0.0,0,0.0,21734984,2012,Diphtheria
Zone:0,0,0.0,0,0.0,5674843,2012,Diphtheria
Bangkok,0,0.0,0,0.0,5674843,2012,Diphtheria
Zone:1,0,0.0,0,0.0,3541632,2012,Diphtheria
Nonthaburi,0,0.0,0,0.0,1122627,2012,Diphtheria
P.Nakhon S.Ayutthaya,0,0.0,0,0.0,787653,2012,Diphtheria
Pathum Thani,0,0.0,0,0.0,1010898,2012,Diphtheria
Saraburi,0,0.0,0,0.0,620454,2012,Diphtheria
Zone:2,0,0.0,0,0.0,1587031,2012,Diphtheria
Ang Thong,0,0.0,0,0.0,284061,2012,Diphtheria
Chai Nat,0,0.0,0,0.0,333256,2012,Diphtheria
Lop Buri,0,0.0,0,0.0,756127,2012,Diphtheria
Sing Buri,0,0.0,0,0.0,213587,2012,Diphtheria
Zone:3,0,0.0,0,0.0,3151672,2012,Diphtheria
Chachoengsao,0,0.0,0,0.0,679370,2012,Diphtheria
Nakhon Nayok,0,0.0,0,0.0,253831,2012,Diphtheria
Prachin Buri,0,0.0,0,0.0,469652,2012,Diphtheria
Sa Kaeo,0,0.0,0,0.0,545596,2012,Diphtheria
Samut Prakan,0,0.0,0,0.0,1203223,2012,Diphtheria
Zone:4,0,0.0,0,0.0,3392715,2012,Diphtheria
Kanchanaburi,0,0.0,0,0.0,838914,2012,Diphtheria
Nakhon Pathom,0,0.0,0,0.0,866064,2012,Diphtheria
Ratchaburi,0,0.0,0,0.0,842684,2012,Diphtheria
Suphan Buri,0,0.0,0,0.0,845053,2012,Diphtheria
Zone:5,0,0.0,0,0.0,1671831,2012,Diphtheria
Phetchaburi,0,0.0,0,0.0,466079,2012,Diphtheria
Prachuap Khiri Khan,0,0.0,0,0.0,512568,2012,Diphtheria
Samut Sakhon,0,0.0,0,0.0,499098,2012,Diphtheria
Samut Songkhram,0,0.0,0,0.0,194086,2012,Diphtheria
Zone:9,0,0.0,0,0.0,2715260,2012,Diphtheria
Chanthaburi,0,0.0,0,0.0,516855,2012,Diphtheria
Chon Buri,0,0.0,0,0.0,1338656,2012,Diphtheria
Rayong,0,0.0,0,0.0,637736,2012,Diphtheria
Trat,0,0.0,0,0.0,222013,2012,Diphtheria
South Region,20,0.22,6,0.07,8971808,2012,Diphtheria
Zone:6,5,0.14,1,0.03,3541333,2012,Diphtheria
Chumphon,0,0.0,0,0.0,492182,2012,Diphtheria
Nakhon Si Thammarat,2,0.13,0,0.0,1526071,2012,Diphtheria
Phatthalung,0,0.0,0,0.0,511016,2012,Diphtheria
Surat Thani,3,0.3,1,0.1,1012064,2012,Diphtheria
Zone:7,0,0.0,0,0.0,1857374,2012,Diphtheria
Krabi,0,0.0,0,0.0,438039,2012,Diphtheria
Phangnga,0,0.0,0,0.0,254931,2012,Diphtheria
Phuket,0,0.0,0,0.0,353847,2012,Diphtheria
Ranong,0,0.0,0,0.0,183849,2012,Diphtheria
Trang,0,0.0,0,0.0,626708,2012,Diphtheria
Zone:8,15,0.42,5,0.14,3573101,2012,Diphtheria
Narathiwat,0,0.0,0,0.0,747372,2012,Diphtheria
Pattani,8,1.21,1,0.15,663485,2012,Diphtheria
Satun,0,0.0,0,0.0,301467,2012,Diphtheria
Songkhla,2,0.15,1,0.07,1367010,2012,Diphtheria
Yala,5,1.01,3,0.61,493767,2012,Diphtheria
North-Eastern Region,36,0.17,2,0.01,21585883,2012,Diphtheria
Zone:10,32,0.89,2,0.06,3593082,2012,Diphtheria
Bungkan,1,0.25,0,0.0,407634,2012,Diphtheria
Loei,27,4.32,2,0.32,624920,2012,Diphtheria
Nong Bua Lam Phu,3,0.6,0,0.0,502551,2012,Diphtheria
Nong Khai,0,0.0,0,0.0,509870,2012,Diphtheria
Udon Thani,1,0.06,0,0.0,1548107,2012,Diphtheria
Zone:11,0,0.0,0,0.0,2168700,2012,Diphtheria
Mukdahan,0,0.0,0,0.0,340581,2012,Diphtheria
Nakhon Phanom,0,0.0,0,0.0,704768,2012,Diphtheria
Sakon Nakhon,0,0.0,0,0.0,1123351,2012,Diphtheria
Zone:12,1,0.02,0,0.0,4992515,2012,Diphtheria
Kalasin,0,0.0,0,0.0,981655,2012,Diphtheria
Khon Kaen,1,0.06,0,0.0,1766066,2012,Diphtheria
Maha Sarakham,0,0.0,0,0.0,939736,2012,Diphtheria
Roi Et,0,0.0,0,0.0,1305058,2012,Diphtheria
Zone:13,0,0.0,0,0.0,4179354,2012,Diphtheria
Amnat Charoen,0,0.0,0,0.0,372241,2012,Diphtheria
Si Sa Ket,0,0.0,0,0.0,1452203,2012,Diphtheria
Ubon Ratchathani,0,0.0,0,0.0,1816057,2012,Diphtheria
Yasothon,0,0.0,0,0.0,538853,2012,Diphtheria
Zone:14,3,0.05,0,0.0,6652232,2012,Diphtheria
Buri Ram,0,0.0,0,0.0,1559085,2012,Diphtheria
Chaiyaphum,0,0.0,0,0.0,1127423,2012,Diphtheria
Nakhon Ratchasima,3,0.12,0,0.0,2585325,2012,Diphtheria
Surin,0,0.0,0,0.0,1380399,2012,Diphtheria
North Region,7,0.06,0,0.0,11783311,2012,Diphtheria
Zone:15,0,0.0,0,0.0,3051678,2012,Diphtheria
Chiang Mai,0,0.0,0,0.0,1646144,2012,Diphtheria
Lampang,0,0.0,0,0.0,757534,2012,Diphtheria
Lamphun,0,0.0,0,0.0,403952,2012,Diphtheria
Mae Hong Son,0,0.0,0,0.0,244048,2012,Diphtheria
Zone:16,2,0.08,0,0.0,2620490,2012,Diphtheria
Chiang Rai,2,0.17,0,0.0,1198656,2012,Diphtheria
Nan,0,0.0,0,0.0,476612,2012,Diphtheria
Phayao,0,0.0,0,0.0,486472,2012,Diphtheria
Phrae,0,0.0,0,0.0,458750,2012,Diphtheria
Zone:17,5,0.15,0,0.0,3435726,2012,Diphtheria
Phetchabun,5,0.5,0,0.0,990807,2012,Diphtheria
Phitsanulok,0,0.0,0,0.0,851357,2012,Diphtheria
Sukhothai,0,0.0,0,0.0,601504,2012,Diphtheria
Tak,0,0.0,0,0.0,531018,2012,Diphtheria
Uttaradit,0,0.0,0,0.0,461040,2012,Diphtheria
Zone:18,0,0.0,0,0.0,2675417,2012,Diphtheria
Kamphaeng Phet,0,0.0,0,0.0,726009,2012,Diphtheria
Nakhon Sawan,0,0.0,0,0.0,1071686,2012,Diphtheria
Phichit,0,0.0,0,0.0,549688,2012,Diphtheria
Uthai Thani,0,0.0,0,0.0,328034,2012,Diphtheria
Total,28,0.04,6,0.01,64076033,2013,Diphtheria
Central Region,2,0.01,1,0.0,21734984,2013,Diphtheria
Zone:0,2,0.04,1,0.02,5674843,2013,Diphtheria
Bangkok,2,0.04,1,0.02,5674843,2013,Diphtheria
Zone:1,0,0.0,0,0.0,3541632,2013,Diphtheria
Nonthaburi,0,0.0,0,0.0,1122627,2013,Diphtheria
P.Nakhon S.Ayutthaya,0,0.0,0,0.0,787653,2013,Diphtheria
Pathum Thani,0,0.0,0,0.0,1010898,2013,Diphtheria
Saraburi,0,0.0,0,0.0,620454,2013,Diphtheria
Zone:2,0,0.0,0,0.0,1587031,2013,Diphtheria
Ang Thong,0,0.0,0,0.0,284061,2013,Diphtheria
Chai Nat,0,0.0,0,0.0,333256,2013,Diphtheria
Lop Buri,0,0.0,0,0.0,756127,2013,Diphtheria
Sing Buri,0,0.0,0,0.0,213587,2013,Diphtheria
Zone:3,0,0.0,0,0.0,3151672,2013,Diphtheria
Chachoengsao,0,0.0,0,0.0,679370,2013,Diphtheria
Nakhon Nayok,0,0.0,0,0.0,253831,2013,Diphtheria
Prachin Buri,0,0.0,0,0.0,469652,2013,Diphtheria
Sa Kaeo,0,0.0,0,0.0,545596,2013,Diphtheria
Samut Prakan,0,0.0,0,0.0,1203223,2013,Diphtheria
Zone:4,0,0.0,0,0.0,3392715,2013,Diphtheria
Kanchanaburi,0,0.0,0,0.0,838914,2013,Diphtheria
Nakhon Pathom,0,0.0,0,0.0,866064,2013,Diphtheria
Ratchaburi,0,0.0,0,0.0,842684,2013,Diphtheria
Suphan Buri,0,0.0,0,0.0,845053,2013,Diphtheria
Zone:5,0,0.0,0,0.0,1671831,2013,Diphtheria
Phetchaburi,0,0.0,0,0.0,466079,2013,Diphtheria
Prachuap Khiri Khan,0,0.0,0,0.0,512568,2013,Diphtheria
Samut Sakhon,0,0.0,0,0.0,499098,2013,Diphtheria
Samut Songkhram,0,0.0,0,0.0,194086,2013,Diphtheria
Zone:9,0,0.0,0,0.0,2715260,2013,Diphtheria
Chanthaburi,0,0.0,0,0.0,516855,2013,Diphtheria
Chon Buri,0,0.0,0,0.0,1338656,2013,Diphtheria
Rayong,0,0.0,0,0.0,637736,2013,Diphtheria
Trat,0,0.0,0,0.0,222013,2013,Diphtheria
South Region,13,0.14,3,0.03,8971855,2013,Diphtheria
Zone:6,0,0.0,0,0.0,3541380,2013,Diphtheria
Chumphon,0,0.0,0,0.0,492182,2013,Diphtheria
Nakhon Si Thammarat,0,0.0,0,0.0,1526071,2013,Diphtheria
Phatthalung,0,0.0,0,0.0,511063,2013,Diphtheria
Surat Thani,0,0.0,0,0.0,1012064,2013,Diphtheria
Zone:7,0,0.0,0,0.0,1857374,2013,Diphtheria
Krabi,0,0.0,0,0.0,438039,2013,Diphtheria
Phangnga,0,0.0,0,0.0,254931,2013,Diphtheria
Phuket,0,0.0,0,0.0,353847,2013,Diphtheria
Ranong,0,0.0,0,0.0,183849,2013,Diphtheria
Trang,0,0.0,0,0.0,626708,2013,Diphtheria
Zone:8,13,0.36,3,0.08,3573101,2013,Diphtheria
Narathiwat,3,0.4,1,0.13,747372,2013,Diphtheria
Pattani,3,0.45,2,0.3,663485,2013,Diphtheria
Satun,1,0.33,0,0.0,301467,2013,Diphtheria
Songkhla,4,0.29,0,0.0,1367010,2013,Diphtheria
Yala,2,0.41,0,0.0,493767,2013,Diphtheria
North-Eastern Region,10,0.05,0,0.0,21585883,2013,Diphtheria
Zone:10,4,0.11,0,0.0,3593082,2013,Diphtheria
Bungkan,2,0.49,0,0.0,407634,2013,Diphtheria
Loei,0,0.0,0,0.0,624920,2013,Diphtheria
Nong Bua Lam Phu,0,0.0,0,0.0,502551,2013,Diphtheria
Nong Khai,0,0.0,0,0.0,509870,2013,Diphtheria
Udon Thani,2,0.13,0,0.0,1548107,2013,Diphtheria
Zone:11,0,0.0,0,0.0,2168700,2013,Diphtheria
Mukdahan,0,0.0,0,0.0,340581,2013,Diphtheria
Nakhon Phanom,0,0.0,0,0.0,704768,2013,Diphtheria
Sakon Nakhon,0,0.0,0,0.0,1123351,2013,Diphtheria
Zone:12,0,0.0,0,0.0,4992515,2013,Diphtheria
Kalasin,0,0.0,0,0.0,981655,2013,Diphtheria
Khon Kaen,0,0.0,0,0.0,1766066,2013,Diphtheria
Maha Sarakham,0,0.0,0,0.0,939736,2013,Diphtheria
Roi Et,0,0.0,0,0.0,1305058,2013,Diphtheria
Zone:13,4,0.1,0,0.0,4179354,2013,Diphtheria
Amnat Charoen,0,0.0,0,0.0,372241,2013,Diphtheria
Si Sa Ket,0,0.0,0,0.0,1452203,2013,Diphtheria
Ubon Ratchathani,0,0.0,0,0.0,1816057,2013,Diphtheria
Yasothon,4,0.74,0,0.0,538853,2013,Diphtheria
Zone:14,2,0.03,0,0.0,6652232,2013,Diphtheria
Buri Ram,0,0.0,0,0.0,1559085,2013,Diphtheria
Chaiyaphum,0,0.0,0,0.0,1127423,2013,Diphtheria
Nakhon Ratchasima,2,0.08,0,0.0,2585325,2013,Diphtheria
Surin,0,0.0,0,0.0,1380399,2013,Diphtheria
North Region,3,0.03,2,0.02,11783311,2013,Diphtheria
Zone:15,1,0.03,1,0.03,3051678,2013,Diphtheria
Chiang Mai,1,0.06,1,0.06,1646144,2013,Diphtheria
Lampang,0,0.0,0,0.0,757534,2013,Diphtheria
Lamphun,0,0.0,0,0.0,403952,2013,Diphtheria
Mae Hong Son,0,0.0,0,0.0,244048,2013,Diphtheria
Zone:16,0,0.0,0,0.0,2620490,2013,Diphtheria
Chiang Rai,0,0.0,0,0.0,1198656,2013,Diphtheria
Nan,0,0.0,0,0.0,476612,2013,Diphtheria
Phayao,0,0.0,0,0.0,486472,2013,Diphtheria
Phrae,0,0.0,0,0.0,458750,2013,Diphtheria
Zone:17,2,0.06,1,0.03,3435726,2013,Diphtheria
Phetchabun,0,0.0,0,0.0,990807,2013,Diphtheria
Phitsanulok,0,0.0,0,0.0,851357,2013,Diphtheria
Sukhothai,0,0.0,0,0.0,601504,2013,Diphtheria
Tak,2,0.38,1,0.19,531018,2013,Diphtheria
Uttaradit,0,0.0,0,0.0,461040,2013,Diphtheria
Zone:18,0,0.0,0,0.0,2675417,2013,Diphtheria
Kamphaeng Phet,0,0.0,0,0.0,726009,2013,Diphtheria
Nakhon Sawan,0,0.0,0,0.0,1071686,2013,Diphtheria
Phichit,0,0.0,0,0.0,549688,2013,Diphtheria
Uthai Thani,0,0.0,0,0.0,328034,2013,Diphtheria
Total,19,0.03,4,0.01,64955313,2014,Diphtheria
ZONE:00,0,0.0,0,0.0,5689268,2014,Diphtheria
Bangkok,0,0.0,0,0.0,5689268,2014,Diphtheria
ZONE:01,3,0.05,0,0.0,5704200,2014,Diphtheria
Chiang Mai,0,0.0,0,0.0,1672586,2014,Diphtheria
Chiang Rai,0,0.0,0,0.0,1206180,2014,Diphtheria
Lampang,0,0.0,0,0.0,753937,2014,Diphtheria
Lamphun,0,0.0,0,0.0,405368,2014,Diphtheria
Mae Hong Son,3,1.21,0,0.0,247364,2014,Diphtheria
Nan,0,0.0,0,0.0,478088,2014,Diphtheria
Phayao,0,0.0,0,0.0,485599,2014,Diphtheria
Phrae,0,0.0,0,0.0,455078,2014,Diphtheria
ZONE:02,0,0.0,0,0.0,3452021,2014,Diphtheria
Phetchabun,0,0.0,0,0.0,995102,2014,Diphtheria
Phitsanulok,0,0.0,0,0.0,857682,2014,Diphtheria
Sukhothai,0,0.0,0,0.0,602586,2014,Diphtheria
Tak,0,0.0,0,0.0,535953,2014,Diphtheria
Uttaradit,0,0.0,0,0.0,460698,2014,Diphtheria
ZONE:03,0,0.0,0,0.0,3012608,2014,Diphtheria
Chai Nat,0,0.0,0,0.0,332526,2014,Diphtheria
Kamphaeng Phet,0,0.0,0,0.0,729076,2014,Diphtheria
Nakhon Sawan,0,0.0,0,0.0,1072949,2014,Diphtheria
Phichit,0,0.0,0,0.0,548199,2014,Diphtheria
Uthai Thani,0,0.0,0,0.0,329858,2014,Diphtheria
ZONE:04,0,0.0,0,0.0,5171756,2014,Diphtheria
Ang Thong,0,0.0,0,0.0,283650,2014,Diphtheria
Lop Buri,0,0.0,0,0.0,758188,2014,Diphtheria
Nakhon Nayok,0,0.0,0,0.0,256693,2014,Diphtheria
Nonthaburi,0,0.0,0,0.0,1165070,2014,Diphtheria
P.Nakhon S.Ayutthaya,0,0.0,0,0.0,800785,2014,Diphtheria
Pathum Thani,0,0.0,0,0.0,1063608,2014,Diphtheria
Saraburi,0,0.0,0,0.0,631338,2014,Diphtheria
Sing Buri,0,0.0,0,0.0,212424,2014,Diphtheria
ZONE:05,0,0.0,0,0.0,5147569,2014,Diphtheria
Kanchanaburi,0,0.0,0,0.0,845540,2014,Diphtheria
Nakhon Pathom,0,0.0,0,0.0,886627,2014,Diphtheria
Phetchaburi,0,0.0,0,0.0,472640,2014,Diphtheria
Prachuap Khiri Khan,0,0.0,0,0.0,522689,2014,Diphtheria
Ratchaburi,0,0.0,0,0.0,851689,2014,Diphtheria
Samut Sakhon,0,0.0,0,0.0,525672,2014,Diphtheria
Samut Songkhram,0,0.0,0,0.0,194153,2014,Diphtheria
Suphan Buri,0,0.0,0,0.0,848559,2014,Diphtheria
ZONE:06,2,0.03,0,0.0,5797595,2014,Diphtheria
Chachoengsao,1,0.14,0,0.0,692852,2014,Diphtheria
Chanthaburi,0,0.0,0,0.0,525805,2014,Diphtheria
Chon Buri,1,0.07,0,0.0,1405889,2014,Diphtheria
Prachin Buri,0,0.0,0,0.0,477741,2014,Diphtheria
Rayong,0,0.0,0,0.0,667806,2014,Diphtheria
Sa Kaeo,0,0.0,0,0.0,551562,2014,Diphtheria
Samut Prakan,0,0.0,0,0.0,1251570,2014,Diphtheria
Trat,0,0.0,0,0.0,224370,2014,Diphtheria
ZONE:07,2,0.04,0,0.0,5037074,2014,Diphtheria
Kalasin,0,0.0,0,0.0,984468,2014,Diphtheria
Khon Kaen,0,0.0,0,0.0,1785852,2014,Diphtheria
Maha Sarakham,2,0.21,0,0.0,958116,2014,Diphtheria
Roi Et,0,0.0,0,0.0,1308638,2014,Diphtheria
ZONE:08,0,0.0,0,0.0,5490561,2014,Diphtheria
Bungkan,0,0.0,0,0.0,417401,2014,Diphtheria
Loei,0,0.0,0,0.0,633359,2014,Diphtheria
Nakhon Phanom,0,0.0,0,0.0,712101,2014,Diphtheria
Nong Bua Lam Phu,0,0.0,0,0.0,508001,2014,Diphtheria
Nong Khai,0,0.0,0,0.0,516101,2014,Diphtheria
Sakon Nakhon,0,0.0,0,0.0,1136466,2014,Diphtheria
Udon Thani,0,0.0,0,0.0,1567132,2014,Diphtheria
ZONE:09,0,0.0,0,0.0,6717984,2014,Diphtheria
Buri Ram,0,0.0,0,0.0,1576343,2014,Diphtheria
Chaiyaphum,0,0.0,0,0.0,1136386,2014,Diphtheria
Nakhon Ratchasima,0,0.0,0,0.0,2615340,2014,Diphtheria
Surin,0,0.0,0,0.0,1389915,2014,Diphtheria
ZONE:10,1,0.02,0,0.0,4564711,2014,Diphtheria
Amnat Charoen,0,0.0,0,0.0,375039,2014,Diphtheria
Mukdahan,0,0.0,0,0.0,345159,2014,Diphtheria
Si Sa Ket,1,0.07,0,0.0,1463620,2014,Diphtheria
Ubon Ratchathani,0,0.0,0,0.0,1840596,2014,Diphtheria
Yasothon,0,0.0,0,0.0,540297,2014,Diphtheria
ZONE:11,1,0.02,0,0.0,4344513,2014,Diphtheria
Chumphon,1,0.2,0,0.0,499435,2014,Diphtheria
Krabi,0,0.0,0,0.0,453850,2014,Diphtheria
Nakhon Si Thammarat,0,0.0,0,0.0,1544936,2014,Diphtheria
Phangnga,0,0.0,0,0.0,260395,2014,Diphtheria
Phuket,0,0.0,0,0.0,373943,2014,Diphtheria
Ranong,0,0.0,0,0.0,175933,2014,Diphtheria
Surat Thani,0,0.0,0,0.0,1036021,2014,Diphtheria
ZONE:12,10,0.21,4,0.08,4825453,2014,Diphtheria
Narathiwat,0,0.0,0,0.0,770472,2014,Diphtheria
Pattani,5,0.73,2,0.29,682512,2014,Diphtheria
Phatthalung,0,0.0,0,0.0,519220,2014,Diphtheria
Satun,0,0.0,0,0.0,311233,2014,Diphtheria
Songkhla,1,0.07,1,0.07,1395596,2014,Diphtheria
Trang,0,0.0,0,0.0,637395,2014,Diphtheria
Yala,4,0.79,1,0.2,509025,2014,Diphtheria
Total,19,0.03,6,0.01,65124716,2015,Diphtheria
ZONE:00,0,0.0,0,0.0,5692284,2015,Diphtheria
Bangkok,0,0.0,0,0.0,5692284,2015,Diphtheria
ZONE:01,0,0.0,0,0.0,5709443,2015,Diphtheria
Chiang Mai,0,0.0,0,0.0,1678284,2015,Diphtheria
Chiang Rai,0,0.0,0,0.0,1207699,2015,Diphtheria
Lampang,0,0.0,0,0.0,753013,2015,Diphtheria
Lamphun,0,0.0,0,0.0,405468,2015,Diphtheria
Mae Hong Son,0,0.0,0,0.0,248178,2015,Diphtheria
Nan,0,0.0,0,0.0,478264,2015,Diphtheria
Phayao,0,0.0,0,0.0,484454,2015,Diphtheria
Phrae,0,0.0,0,0.0,454083,2015,Diphtheria
ZONE:02,3,0.09,0,0.0,3457208,2015,Diphtheria
Phetchabun,0,0.0,0,0.0,995807,2015,Diphtheria
Phitsanulok,0,0.0,0,0.0,858988,2015,Diphtheria
Sukhothai,0,0.0,0,0.0,602460,2015,Diphtheria
Tak,3,0.56,0,0.0,539553,2015,Diphtheria
Uttaradit,0,0.0,0,0.0,460400,2015,Diphtheria
ZONE:03,0,0.0,0,0.0,3012283,2015,Diphtheria
Chai Nat,0,0.0,0,0.0,332283,2015,Diphtheria
Kamphaeng Phet,0,0.0,0,0.0,729522,2015,Diphtheria
Nakhon Sawan,0,0.0,0,0.0,1072756,2015,Diphtheria
Phichit,0,0.0,0,0.0,547543,2015,Diphtheria
Uthai Thani,0,0.0,0,0.0,330179,2015,Diphtheria
ZONE:04,2,0.04,0,0.0,5196419,2015,Diphtheria
Ang Thong,1,0.35,0,0.0,283568,2015,Diphtheria
Lop Buri,0,0.0,0,0.0,758406,2015,Diphtheria
Nakhon Nayok,0,0.0,0,0.0,257300,2015,Diphtheria
Nonthaburi,1,0.09,0,0.0,1173870,2015,Diphtheria
P.Nakhon S.Ayutthaya,0,0.0,0,0.0,803599,2015,Diphtheria
Pathum Thani,0,0.0,0,0.0,1074058,2015,Diphtheria
Saraburi,0,0.0,0,0.0,633460,2015,Diphtheria
Sing Buri,0,0.0,0,0.0,212158,2015,Diphtheria
ZONE:05,0,0.0,0,0.0,5166914,2015,Diphtheria
Kanchanaburi,0,0.0,0,0.0,848198,2015,Diphtheria
Nakhon Pathom,0,0.0,0,0.0,891071,2015,Diphtheria
Phetchaburi,0,0.0,0,0.0,474192,2015,Diphtheria
Prachuap Khiri Khan,0,0.0,0,0.0,525107,2015,Diphtheria
Ratchaburi,0,0.0,0,0.0,853217,2015,Diphtheria
Samut Sakhon,0,0.0,0,0.0,531887,2015,Diphtheria
Samut Songkhram,0,0.0,0,0.0,194189,2015,Diphtheria
Suphan Buri,0,0.0,0,0.0,849053,2015,Diphtheria
ZONE:06,2,0.03,0,0.0,5836407,2015,Diphtheria
Chachoengsao,1,0.14,0,0.0,695478,2015,Diphtheria
Chanthaburi,1,0.19,0,0.0,527350,2015,Diphtheria
Chon Buri,0,0.0,0,0.0,1421425,2015,Diphtheria
Prachin Buri,0,0.0,0,0.0,479314,2015,Diphtheria
Rayong,0,0.0,0,0.0,674393,2015,Diphtheria
Sa Kaeo,0,0.0,0,0.0,552187,2015,Diphtheria
Samut Prakan,0,0.0,0,0.0,1261530,2015,Diphtheria
Trat,0,0.0,0,0.0,224730,2015,Diphtheria
ZONE:07,2,0.04,0,0.0,5043862,2015,Diphtheria
Kalasin,0,0.0,0,0.0,984907,2015,Diphtheria
Khon Kaen,2,0.11,0,0.0,1790049,2015,Diphtheria
Maha Sarakham,0,0.0,0,0.0,960588,2015,Diphtheria
Roi Et,0,0.0,0,0.0,1308318,2015,Diphtheria
ZONE:08,0,0.0,0,0.0,5501453,2015,Diphtheria
Bungkan,0,0.0,0,0.0,418566,2015,Diphtheria
Loei,0,0.0,0,0.0,634513,2015,Diphtheria
Nakhon Phanom,0,0.0,0,0.0,713341,2015,Diphtheria
Nong Bua Lam Phu,0,0.0,0,0.0,508864,2015,Diphtheria
Nong Khai,0,0.0,0,0.0,517260,2015,Diphtheria
Sakon Nakhon,0,0.0,0,0.0,1138609,2015,Diphtheria
Udon Thani,0,0.0,0,0.0,1570300,2015,Diphtheria
ZONE:09,0,0.0,0,0.0,6728450,2015,Diphtheria
Buri Ram,0,0.0,0,0.0,1579248,2015,Diphtheria
Chaiyaphum,0,0.0,0,0.0,1137049,2015,Diphtheria
Nakhon Ratchasima,0,0.0,0,0.0,2620517,2015,Diphtheria
Surin,0,0.0,0,0.0,1391636,2015,Diphtheria
ZONE:10,0,0.0,0,0.0,4571489,2015,Diphtheria
Amnat Charoen,0,0.0,0,0.0,375380,2015,Diphtheria
Mukdahan,0,0.0,0,0.0,346016,2015,Diphtheria
Si Sa Ket,0,0.0,0,0.0,1465213,2015,Diphtheria
Ubon Ratchathani,0,0.0,0,0.0,1844669,2015,Diphtheria
Yasothon,0,0.0,0,0.0,540211,2015,Diphtheria
ZONE:11,2,0.05,2,0.05,4362467,2015,Diphtheria
Chumphon,0,0.0,0,0.0,500575,2015,Diphtheria
Krabi,0,0.0,0,0.0,456811,2015,Diphtheria
Nakhon Si Thammarat,0,0.0,0,0.0,1548028,2015,Diphtheria
Phangnga,2,0.77,2,0.77,261370,2015,Diphtheria
Phuket,0,0.0,0,0.0,378364,2015,Diphtheria
Ranong,0,0.0,0,0.0,177089,2015,Diphtheria
Surat Thani,0,0.0,0,0.0,1040230,2015,Diphtheria
ZONE:12,8,0.17,4,0.08,4846037,2015,Diphtheria
Narathiwat,0,0.0,0,0.0,774799,2015,Diphtheria
Pattani,2,0.29,1,0.15,686186,2015,Diphtheria
Phatthalung,0,0.0,0,0.0,520419,2015,Diphtheria
Satun,0,0.0,0,0.0,312673,2015,Diphtheria
Songkhla,1,0.07,1,0.07,1401303,2015,Diphtheria
Trang,0,0.0,0,0.0,638746,2015,Diphtheria
Yala,5,0.98,2,0.39,511911,2015,Diphtheria
Total,20,0.03,5,0.01,65426907,2016,Diphtheria
ZONE:01,8,0.14,1,0.02,5781324,2016,Diphtheria
Chiang Mai,2,0.12,1,0.06,1703263,2016,Diphtheria
Chiang Rai,6,0.48,0,0.0,1242825,2016,Diphtheria
Lampang,0,0.0,0,0.0,752685,2016,Diphtheria
Lamphun,0,0.0,0,0.0,405927,2016,Diphtheria
Mae Hong Son,0,0.0,0,0.0,260971,2016,Diphtheria
Nan,0,0.0,0,0.0,478890,2016,Diphtheria
Phayao,0,0.0,0,0.0,483550,2016,Diphtheria
Phrae,0,0.0,0,0.0,453213,2016,Diphtheria
ZONE:02,2,0.06,1,0.03,3498728,2016,Diphtheria
Phetchabun,0,0.0,0,0.0,996397,2016,Diphtheria
Phitsanulok,1,0.12,0,0.0,861194,2016,Diphtheria
Sukhothai,0,0.0,0,0.0,602085,2016,Diphtheria
Tak,0,0.0,0,0.0,578968,2016,Diphtheria
Uttaradit,1,0.22,1,0.22,460084,2016,Diphtheria
ZONE:03,0,0.0,0,0.0,3011449,2016,Diphtheria
Chai Nat,0,0.0,0,0.0,331968,2016,Diphtheria
Kamphaeng Phet,0,0.0,0,0.0,729839,2016,Diphtheria
Nakhon Sawan,0,0.0,0,0.0,1072349,2016,Diphtheria
Phichit,0,0.0,0,0.0,546750,2016,Diphtheria
Uthai Thani,0,0.0,0,0.0,330543,2016,Diphtheria
ZONE:04,0,0.0,0,0.0,5221125,2016,Diphtheria
Ang Thong,0,0.0,0,0.0,283371,2016,Diphtheria
Lop Buri,0,0.0,0,0.0,758531,2016,Diphtheria
Nakhon Nayok,0,0.0,0,0.0,257939,2016,Diphtheria
Nonthaburi,0,0.0,0,0.0,1183791,2016,Diphtheria
P.Nakhon S.Ayutthaya,0,0.0,0,0.0,805980,2016,Diphtheria
Pathum Thani,0,0.0,0,0.0,1084154,2016,Diphtheria
Saraburi,0,0.0,0,0.0,635567,2016,Diphtheria
Sing Buri,0,0.0,0,0.0,211792,2016,Diphtheria
ZONE:05,0,0.0,0,0.0,5209561,2016,Diphtheria
Kanchanaburi,0,0.0,0,0.0,865172,2016,Diphtheria
Nakhon Pathom,0,0.0,0,0.0,895207,2016,Diphtheria
Phetchaburi,0,0.0,0,0.0,476391,2016,Diphtheria
Prachuap Khiri Khan,0,0.0,0,0.0,529912,2016,Diphtheria
Ratchaburi,0,0.0,0,0.0,860549,2016,Diphtheria
Samut Sakhon,0,0.0,0,0.0,538671,2016,Diphtheria
Samut Songkhram,0,0.0,0,0.0,194283,2016,Diphtheria
Suphan Buri,0,0.0,0,0.0,849376,2016,Diphtheria
ZONE:06,2,0.03,1,0.02,5880124,2016,Diphtheria
Chachoengsao,1,0.14,0,0.0,698190,2016,Diphtheria
Chanthaburi,0,0.0,0,0.0,529194,2016,Diphtheria
Chon Buri,1,0.07,1,0.07,1438231,2016,Diphtheria
Prachin Buri,0,0.0,0,0.0,480755,2016,Diphtheria
Rayong,0,0.0,0,0.0,681696,2016,Diphtheria
Sa Kaeo,0,0.0,0,0.0,554555,2016,Diphtheria
Samut Prakan,0,0.0,0,0.0,1270420,2016,Diphtheria
Trat,0,0.0,0,0.0,227083,2016,Diphtheria
ZONE:07,0,0.0,0,0.0,5049920,2016,Diphtheria
Kalasin,0,0.0,0,0.0,985055,2016,Diphtheria
Khon Kaen,0,0.0,0,0.0,1794032,2016,Diphtheria
Maha Sarakham,0,0.0,0,0.0,962592,2016,Diphtheria
Roi Et,0,0.0,0,0.0,1308241,2016,Diphtheria
ZONE:08,0,0.0,0,0.0,5511930,2016,Diphtheria
Bungkan,0,0.0,0,0.0,419607,2016,Diphtheria
Loei,0,0.0,0,0.0,636666,2016,Diphtheria
Nakhon Phanom,0,0.0,0,0.0,714369,2016,Diphtheria
Nong Bua Lam Phu,0,0.0,0,0.0,509469,2016,Diphtheria
Nong Khai,0,0.0,0,0.0,518420,2016,Diphtheria
Sakon Nakhon,0,0.0,0,0.0,1140673,2016,Diphtheria
Udon Thani,0,0.0,0,0.0,1572726,2016,Diphtheria
ZONE:09,0,0.0,0,0.0,6737604,2016,Diphtheria
Buri Ram,0,0.0,0,0.0,1581955,2016,Diphtheria
Chaiyaphum,0,0.0,0,0.0,1137651,2016,Diphtheria
Nakhon Ratchasima,0,0.0,0,0.0,2624668,2016,Diphtheria
Surin,0,0.0,0,0.0,1393330,2016,Diphtheria
ZONE:10,0,0.0,0,0.0,4581192,2016,Diphtheria
Amnat Charoen,0,0.0,0,0.0,375881,2016,Diphtheria
Mukdahan,0,0.0,0,0.0,347059,2016,Diphtheria
Si Sa Ket,0,0.0,0,0.0,1467006,2016,Diphtheria
Ubon Ratchathani,0,0.0,0,0.0,1851049,2016,Diphtheria
Yasothon,0,0.0,0,0.0,540197,2016,Diphtheria
ZONE:11,0,0.0,0,0.0,4383957,2016,Diphtheria
Chumphon,0,0.0,0,0.0,503203,2016,Diphtheria
Krabi,0,0.0,0,0.0,459456,2016,Diphtheria
Nakhon Si Thammarat,0,0.0,0,0.0,1550278,2016,Diphtheria
Phangnga,0,0.0,0,0.0,262721,2016,Diphtheria
Phuket,0,0.0,0,0.0,382485,2016,Diphtheria
Ranong,0,0.0,0,0.0,182313,2016,Diphtheria
Surat Thani,0,0.0,0,0.0,1043501,2016,Diphtheria
ZONE:12,8,0.16,2,0.04,4865646,2016,Diphtheria
Narathiwat,2,0.26,0,0.0,778941,2016,Diphtheria
Pattani,2,0.29,0,0.0,690104,2016,Diphtheria
Phatthalung,0,0.0,0,0.0,521570,2016,Diphtheria
Satun,0,0.0,0,0.0,314297,2016,Diphtheria
Songkhla,3,0.21,1,0.07,1405939,2016,Diphtheria
Trang,1,0.16,1,0.16,639770,2016,Diphtheria
Yala,0,0.0,0,0.0,515025,2016,Diphtheria
ZONE:13,0,0.0,0,0.0,5694347,2016,Diphtheria
Bangkok,0,0.0,0,0.0,5694347,2016,Diphtheria
Total,4,0.01,1,0.0,66060027,2017,Diphtheria
ZONE:01,0,0.0,0,0.0,5864232,2017,Diphtheria
Chiang Mai,0,0.0,0,0.0,1741301,2017,Diphtheria
Chiang Rai,0,0.0,0,0.0,1285080,2017,Diphtheria
Lampang,0,0.0,0,0.0,747699,2017,Diphtheria
Lamphun,0,0.0,0,0.0,405959,2017,Diphtheria
Mae Hong Son,0,0.0,0,0.0,277486,2017,Diphtheria
Nan,0,0.0,0,0.0,479877,2017,Diphtheria
Phayao,0,0.0,0,0.0,478144,2017,Diphtheria
Phrae,0,0.0,0,0.0,448686,2017,Diphtheria
ZONE:02,1,0.03,0,0.0,3556376,2017,Diphtheria
Phetchabun,0,0.0,0,0.0,995277,2017,Diphtheria
Phitsanulok,0,0.0,0,0.0,865564,2017,Diphtheria
Sukhothai,0,0.0,0,0.0,599775,2017,Diphtheria
Tak,1,0.16,0,0.0,638115,2017,Diphtheria
Uttaradit,0,0.0,0,0.0,457645,2017,Diphtheria
ZONE:03,0,0.0,0,0.0,2998104,2017,Diphtheria
Chai Nat,0,0.0,0,0.0,330077,2017,Diphtheria
Kamphaeng Phet,0,0.0,0,0.0,729337,2017,Diphtheria
Nakhon Sawan,0,0.0,0,0.0,1065895,2017,Diphtheria
Phichit,0,0.0,0,0.0,542674,2017,Diphtheria
Uthai Thani,0,0.0,0,0.0,330121,2017,Diphtheria
ZONE:04,0,0.0,0,0.0,5302492,2017,Diphtheria
Ang Thong,0,0.0,0,0.0,281796,2017,Diphtheria
Lop Buri,0,0.0,0,0.0,757296,2017,Diphtheria
Nakhon Nayok,0,0.0,0,0.0,258850,2017,Diphtheria
Nonthaburi,0,0.0,0,0.0,1220829,2017,Diphtheria
P.Nakhon S.Ayutthaya,0,0.0,0,0.0,812086,2017,Diphtheria
Pathum Thani,0,0.0,0,0.0,1120246,2017,Diphtheria
Saraburi,0,0.0,0,0.0,641052,2017,Diphtheria
Sing Buri,0,0.0,0,0.0,210337,2017,Diphtheria
ZONE:05,1,0.02,0,0.0,5295696,2017,Diphtheria
Kanchanaburi,0,0.0,0,0.0,886546,2017,Diphtheria
Nakhon Pathom,1,0.11,0,0.0,908249,2017,Diphtheria
Phetchaburi,0,0.0,0,0.0,481514,2017,Diphtheria
Prachuap Khiri Khan,0,0.0,0,0.0,541756,2017,Diphtheria
Ratchaburi,0,0.0,0,0.0,870769,2017,Diphtheria
Samut Sakhon,0,0.0,0,0.0,562592,2017,Diphtheria
Samut Songkhram,0,0.0,0,0.0,193985,2017,Diphtheria
Suphan Buri,0,0.0,0,0.0,850285,2017,Diphtheria
ZONE:06,1,0.02,0,0.0,6020790,2017,Diphtheria
Chachoengsao,0,0.0,0,0.0,707145,2017,Diphtheria
Chanthaburi,0,0.0,0,0.0,533463,2017,Diphtheria
Chon Buri,1,0.07,0,0.0,1496086,2017,Diphtheria
Prachin Buri,0,0.0,0,0.0,486187,2017,Diphtheria
Rayong,0,0.0,0,0.0,705729,2017,Diphtheria
Sa Kaeo,0,0.0,0,0.0,560478,2017,Diphtheria
Samut Prakan,0,0.0,0,0.0,1302160,2017,Diphtheria
Trat,0,0.0,0,0.0,229542,2017,Diphtheria
ZONE:07,0,0.0,0,0.0,5060674,2017,Diphtheria
Kalasin,0,0.0,0,0.0,985619,2017,Diphtheria
Khon Kaen,0,0.0,0,0.0,1803831,2017,Diphtheria
Maha Sarakham,0,0.0,0,0.0,963277,2017,Diphtheria
Roi Et,0,0.0,0,0.0,1307947,2017,Diphtheria
ZONE:08,0,0.0,0,0.0,5541473,2017,Diphtheria
Bungkan,0,0.0,0,0.0,422328,2017,Diphtheria
Loei,0,0.0,0,0.0,640734,2017,Diphtheria
Nakhon Phanom,0,0.0,0,0.0,717451,2017,Diphtheria
Nong Bua Lam Phu,0,0.0,0,0.0,511188,2017,Diphtheria
Nong Khai,0,0.0,0,0.0,521125,2017,Diphtheria
Sakon Nakhon,0,0.0,0,0.0,1147710,2017,Diphtheria
Udon Thani,0,0.0,0,0.0,1580937,2017,Diphtheria
ZONE:09,0,0.0,0,0.0,6760383,2017,Diphtheria
Buri Ram,0,0.0,0,0.0,1589900,2017,Diphtheria
Chaiyaphum,0,0.0,0,0.0,1138778,2017,Diphtheria
Nakhon Ratchasima,0,0.0,0,0.0,2635331,2017,Diphtheria
Surin,0,0.0,0,0.0,1396374,2017,Diphtheria
ZONE:10,0,0.0,0,0.0,4604905,2017,Diphtheria
Amnat Charoen,0,0.0,0,0.0,377614,2017,Diphtheria
Mukdahan,0,0.0,0,0.0,350128,2017,Diphtheria
Si Sa Ket,0,0.0,0,0.0,1471185,2017,Diphtheria
Ubon Ratchathani,0,0.0,0,0.0,1866299,2017,Diphtheria
Yasothon,0,0.0,0,0.0,539679,2017,Diphtheria
ZONE:11,0,0.0,0,0.0,4441086,2017,Diphtheria
Chumphon,0,0.0,0,0.0,508627,2017,Diphtheria
Krabi,0,0.0,0,0.0,467851,2017,Diphtheria
Nakhon Si Thammarat,0,0.0,0,0.0,1555957,2017,Diphtheria
Phangnga,0,0.0,0,0.0,266535,2017,Diphtheria
Phuket,0,0.0,0,0.0,398092,2017,Diphtheria
Ranong,0,0.0,0,0.0,189777,2017,Diphtheria
Surat Thani,0,0.0,0,0.0,1054247,2017,Diphtheria
ZONE:12,1,0.02,1,0.02,4929285,2017,Diphtheria
Narathiwat,0,0.0,0,0.0,792961,2017,Diphtheria
Pattani,1,0.14,1,0.14,705379,2017,Diphtheria
Phatthalung,0,0.0,0,0.0,524291,2017,Diphtheria
Satun,0,0.0,0,0.0,318655,2017,Diphtheria
Songkhla,0,0.0,0,0.0,1420834,2017,Diphtheria
Trang,0,0.0,0,0.0,642377,2017,Diphtheria
Yala,0,0.0,0,0.0,524788,2017,Diphtheria
ZONE:13,0,0.0,0,0.0,5684531,2017,Diphtheria
Bangkok,0,0.0,0,0.0,5684531,2017,Diphtheria
Total,15,0.02,2,0.0,66301242,2018,Diphtheria
ZONE:01,1,0.02,0,0.0,5878537,2018,Diphtheria
Chiang Mai,0,0.0,0,0.0,1755291,2018,Diphtheria
Chiang Rai,1,0.08,0,0.0,1289873,2018,Diphtheria
Lampang,0,0.0,0,0.0,744714,2018,Diphtheria
Lamphun,0,0.0,0,0.0,405936,2018,Diphtheria
Mae Hong Son,0,0.0,0,0.0,280826,2018,Diphtheria
Nan,0,0.0,0,0.0,479414,2018,Diphtheria
Phayao,0,0.0,0,0.0,476157,2018,Diphtheria
Phrae,0,0.0,0,0.0,446326,2018,Diphtheria
ZONE:02,1,0.03,0,0.0,3565071,2018,Diphtheria
Phetchabun,0,0.0,0,0.0,994936,2018,Diphtheria
Phitsanulok,0,0.0,0,0.0,866129,2018,Diphtheria
Sukhothai,0,0.0,0,0.0,598287,2018,Diphtheria
Tak,1,0.15,0,0.0,649472,2018,Diphtheria
Uttaradit,0,0.0,0,0.0,456247,2018,Diphtheria
ZONE:03,0,0.0,0,0.0,2992420,2018,Diphtheria
Chai Nat,0,0.0,0,0.0,328993,2018,Diphtheria
Kamphaeng Phet,0,0.0,0,0.0,728470,2018,Diphtheria
Nakhon Sawan,0,0.0,0,0.0,1064649,2018,Diphtheria
Phichit,0,0.0,0,0.0,540620,2018,Diphtheria
Uthai Thani,0,0.0,0,0.0,329688,2018,Diphtheria
ZONE:04,1,0.02,0,0.0,5343264,2018,Diphtheria
Ang Thong,0,0.0,0,0.0,281014,2018,Diphtheria
Lop Buri,0,0.0,0,0.0,758003,2018,Diphtheria
Nakhon Nayok,0,0.0,0,0.0,259718,2018,Diphtheria
Nonthaburi,0,0.0,0,0.0,1238015,2018,Diphtheria
P.Nakhon S.Ayutthaya,0,0.0,0,0.0,815647,2018,Diphtheria
Pathum Thani,1,0.09,0,0.0,1137603,2018,Diphtheria
Saraburi,0,0.0,0,0.0,643531,2018,Diphtheria
Sing Buri,0,0.0,0,0.0,209733,2018,Diphtheria
ZONE:05,0,0.0,0,0.0,5324608,2018,Diphtheria
Kanchanaburi,0,0.0,0,0.0,890565,2018,Diphtheria
Nakhon Pathom,0,0.0,0,0.0,914273,2018,Diphtheria
Phetchaburi,0,0.0,0,0.0,483335,2018,Diphtheria
Prachuap Khiri Khan,0,0.0,0,0.0,546396,2018,Diphtheria
Ratchaburi,0,0.0,0,0.0,872615,2018,Diphtheria
Samut Sakhon,0,0.0,0,0.0,573215,2018,Diphtheria
Samut Songkhram,0,0.0,0,0.0,193847,2018,Diphtheria
Suphan Buri,0,0.0,0,0.0,850362,2018,Diphtheria
ZONE:06,0,0.0,0,0.0,6088563,2018,Diphtheria
Chachoengsao,0,0.0,0,0.0,712449,2018,Diphtheria
Chanthaburi,0,0.0,0,0.0,535478,2018,Diphtheria
Chon Buri,0,0.0,0,0.0,1522285,2018,Diphtheria
Prachin Buri,0,0.0,0,0.0,489592,2018,Diphtheria
Rayong,0,0.0,0,0.0,717276,2018,Diphtheria
Sa Kaeo,0,0.0,0,0.0,563014,2018,Diphtheria
Samut Prakan,0,0.0,0,0.0,1318687,2018,Diphtheria
Trat,0,0.0,0,0.0,229782,2018,Diphtheria
ZONE:07,0,0.0,0,0.0,5062199,2018,Diphtheria
Kalasin,0,0.0,0,0.0,985676,2018,Diphtheria
Khon Kaen,0,0.0,0,0.0,1805903,2018,Diphtheria
Maha Sarakham,0,0.0,0,0.0,963060,2018,Diphtheria
Roi Et,0,0.0,0,0.0,1307560,2018,Diphtheria
ZONE:08,0,0.0,0,0.0,5553738,2018,Diphtheria
Bungkan,0,0.0,0,0.0,423485,2018,Diphtheria
Loei,0,0.0,0,0.0,642220,2018,Diphtheria
Nakhon Phanom,0,0.0,0,0.0,718406,2018,Diphtheria
Nong Bua Lam Phu,0,0.0,0,0.0,511878,2018,Diphtheria
Nong Khai,0,0.0,0,0.0,521995,2018,Diphtheria
Sakon Nakhon,0,0.0,0,0.0,1150876,2018,Diphtheria
Udon Thani,0,0.0,0,0.0,1584878,2018,Diphtheria
ZONE:09,2,0.03,0,0.0,6772779,2018,Diphtheria
Buri Ram,0,0.0,0,0.0,1593378,2018,Diphtheria
Chaiyaphum,0,0.0,0,0.0,1139067,2018,Diphtheria
Nakhon Ratchasima,2,0.08,0,0.0,2642815,2018,Diphtheria
Surin,0,0.0,0,0.0,1397519,2018,Diphtheria
ZONE:10,0,0.0,0,0.0,4613643,2018,Diphtheria
Amnat Charoen,0,0.0,0,0.0,378363,2018,Diphtheria
Mukdahan,0,0.0,0,0.0,351532,2018,Diphtheria
Si Sa Ket,0,0.0,0,0.0,1472521,2018,Diphtheria
Ubon Ratchathani,0,0.0,0,0.0,1872091,2018,Diphtheria
Yasothon,0,0.0,0,0.0,539136,2018,Diphtheria
ZONE:11,0,0.0,0,0.0,4466673,2018,Diphtheria
Chumphon,0,0.0,0,0.0,510307,2018,Diphtheria
Krabi,0,0.0,0,0.0,471754,2018,Diphtheria
Nakhon Si Thammarat,0,0.0,0,0.0,1558958,2018,Diphtheria
Phangnga,0,0.0,0,0.0,267866,2018,Diphtheria
Phuket,0,0.0,0,0.0,406113,2018,Diphtheria
Ranong,0,0.0,0,0.0,191134,2018,Diphtheria
Surat Thani,0,0.0,0,0.0,1060541,2018,Diphtheria
ZONE:12,9,0.18,2,0.04,4960215,2018,Diphtheria
Narathiwat,0,0.0,0,0.0,799357,2018,Diphtheria
Pattani,2,0.28,1,0.14,713937,2018,Diphtheria
Phatthalung,0,0.0,0,0.0,524951,2018,Diphtheria
Satun,0,0.0,0,0.0,320637,2018,Diphtheria
Songkhla,2,0.14,1,0.07,1428429,2018,Diphtheria
Trang,0,0.0,0,0.0,643093,2018,Diphtheria
Yala,5,0.94,0,0.0,529811,2018,Diphtheria
ZONE:13,1,0.02,0,0.0,5679532,2018,Diphtheria
Bangkok,1,0.02,0,0.0,5679532,2018,Diphtheria
Total,18,0.03,5,0.01,66486458,2019,Diphtheria
ZONE:01,1,0.02,0,0.0,5891985,2019,Diphtheria
Chiang Mai,0,0.0,0,0.0,1771499,2019,Diphtheria
Chiang Rai,1,0.08,0,0.0,1295217,2019,Diphtheria
Lampang,0,0.0,0,0.0,740600,2019,Diphtheria
Lamphun,0,0.0,0,0.0,405515,2019,Diphtheria
Mae Hong Son,0,0.0,0,0.0,283352,2019,Diphtheria
Nan,0,0.0,0,0.0,478608,2019,Diphtheria
Phayao,0,0.0,0,0.0,473786,2019,Diphtheria
Phrae,0,0.0,0,0.0,443408,2019,Diphtheria
ZONE:02,1,0.03,0,0.0,3570128,2019,Diphtheria
Phetchabun,0,0.0,0,0.0,993496,2019,Diphtheria
Phitsanulok,0,0.0,0,0.0,866068,2019,Diphtheria
Sukhothai,0,0.0,0,0.0,596165,2019,Diphtheria
Tak,1,0.15,0,0.0,660147,2019,Diphtheria
Uttaradit,0,0.0,0,0.0,454252,2019,Diphtheria
ZONE:03,0,0.0,0,0.0,2983068,2019,Diphtheria
Chai Nat,0,0.0,0,0.0,327437,2019,Diphtheria
Kamphaeng Phet,0,0.0,0,0.0,726836,2019,Diphtheria
Nakhon Sawan,0,0.0,0,0.0,1061926,2019,Diphtheria
Phichit,0,0.0,0,0.0,537843,2019,Diphtheria
Uthai Thani,0,0.0,0,0.0,329026,2019,Diphtheria
ZONE:04,0,0.0,0,0.0,5381695,2019,Diphtheria
Ang Thong,0,0.0,0,0.0,280246,2019,Diphtheria
Lop Buri,0,0.0,0,0.0,757145,2019,Diphtheria
Nakhon Nayok,0,0.0,0,0.0,260421,2019,Diphtheria
Nonthaburi,0,0.0,0,0.0,1255840,2019,Diphtheria
P.Nakhon S.Ayutthaya,0,0.0,0,0.0,818815,2019,Diphtheria
Pathum Thani,0,0.0,0,0.0,1154848,2019,Diphtheria
Saraburi,0,0.0,0,0.0,645468,2019,Diphtheria
Sing Buri,0,0.0,0,0.0,208912,2019,Diphtheria
ZONE:05,0,0.0,0,0.0,5344807,2019,Diphtheria
Kanchanaburi,0,0.0,0,0.0,894338,2019,Diphtheria
Nakhon Pathom,0,0.0,0,0.0,918542,2019,Diphtheria
Phetchaburi,0,0.0,0,0.0,484743,2019,Diphtheria
Prachuap Khiri Khan,0,0.0,0,0.0,551466,2019,Diphtheria
Ratchaburi,0,0.0,0,0.0,873310,2019,Diphtheria
Samut Sakhon,0,0.0,0,0.0,581334,2019,Diphtheria
Samut Songkhram,0,0.0,0,0.0,193548,2019,Diphtheria
Suphan Buri,0,0.0,0,0.0,847526,2019,Diphtheria
ZONE:06,1,0.02,0,0.0,6154601,2019,Diphtheria
Chachoengsao,0,0.0,0,0.0,717561,2019,Diphtheria
Chanthaburi,0,0.0,0,0.0,537097,2019,Diphtheria
Chon Buri,0,0.0,0,0.0,1546873,2019,Diphtheria
Prachin Buri,0,0.0,0,0.0,493159,2019,Diphtheria
Rayong,0,0.0,0,0.0,729035,2019,Diphtheria
Sa Kaeo,1,0.18,0,0.0,565198,2019,Diphtheria
Samut Prakan,0,0.0,0,0.0,1335742,2019,Diphtheria
Trat,0,0.0,0,0.0,229936,2019,Diphtheria
ZONE:07,0,0.0,0,0.0,5057831,2019,Diphtheria
Kalasin,0,0.0,0,0.0,984381,2019,Diphtheria
Khon Kaen,0,0.0,0,0.0,1804384,2019,Diphtheria
Maha Sarakham,0,0.0,0,0.0,962856,2019,Diphtheria
Roi Et,0,0.0,0,0.0,1306210,2019,Diphtheria
ZONE:08,1,0.02,0,0.0,5559986,2019,Diphtheria
Bungkan,0,0.0,0,0.0,424016,2019,Diphtheria
Loei,0,0.0,0,0.0,642862,2019,Diphtheria
Nakhon Phanom,0,0.0,0,0.0,718961,2019,Diphtheria
Nong Bua Lam Phu,0,0.0,0,0.0,512449,2019,Diphtheria
Nong Khai,0,0.0,0,0.0,522207,2019,Diphtheria
Sakon Nakhon,0,0.0,0,0.0,1152835,2019,Diphtheria
Udon Thani,1,0.06,0,0.0,1586656,2019,Diphtheria
ZONE:09,1,0.01,0,0.0,6778372,2019,Diphtheria
Buri Ram,0,0.0,0,0.0,1595299,2019,Diphtheria
Chaiyaphum,0,0.0,0,0.0,1138067,2019,Diphtheria
Nakhon Ratchasima,1,0.04,0,0.0,2647663,2019,Diphtheria
Surin,0,0.0,0,0.0,1397343,2019,Diphtheria
ZONE:10,0,0.0,0,0.0,4618551,2019,Diphtheria
Amnat Charoen,0,0.0,0,0.0,378530,2019,Diphtheria
Mukdahan,0,0.0,0,0.0,352727,2019,Diphtheria
Si Sa Ket,0,0.0,0,0.0,1472934,2019,Diphtheria
Ubon Ratchathani,0,0.0,0,0.0,1876347,2019,Diphtheria
Yasothon,0,0.0,0,0.0,538013,2019,Diphtheria
ZONE:11,0,0.0,0,0.0,4487837,2019,Diphtheria
Chumphon,0,0.0,0,0.0,511134,2019,Diphtheria
Krabi,0,0.0,0,0.0,475239,2019,Diphtheria
Nakhon Si Thammarat,0,0.0,0,0.0,1561179,2019,Diphtheria
Phangnga,0,0.0,0,0.0,268513,2019,Diphtheria
Phuket,0,0.0,0,0.0,413397,2019,Diphtheria
Ranong,0,0.0,0,0.0,192619,2019,Diphtheria
Surat Thani,0,0.0,0,0.0,1065756,2019,Diphtheria
ZONE:12,13,0.26,5,0.1,4986140,2019,Diphtheria
Narathiwat,1,0.12,0,0.0,805248,2019,Diphtheria
Pattani,3,0.42,3,0.42,721591,2019,Diphtheria
Phatthalung,0,0.0,0,0.0,524955,2019,Diphtheria
Satun,2,0.62,2,0.62,322580,2019,Diphtheria
Songkhla,6,0.42,0,0.0,1434298,2019,Diphtheria
Trang,0,0.0,0,0.0,643140,2019,Diphtheria
Yala,1,0.19,0,0.0,534328,2019,Diphtheria
ZONE:13,0,0.0,0,0.0,5671457,2019,Diphtheria
Bangkok,0,0.0,0,0.0,5671457,2019,Diphtheria
Total,8,0.01,4,0.01,66372831,2020,Diphtheria
ZONE:01,0,0.0,0,0.0,5886870,2020,Diphtheria
Chiang Mai,0,0.0,0,0.0,1781812,2020,Diphtheria
Chiang Rai,0,0.0,0,0.0,1296664,2020,Diphtheria
Lampang,0,0.0,0,0.0,733640,2020,Diphtheria
Lamphun,0,0.0,0,0.0,403542,2020,Diphtheria
Mae Hong Son,0,0.0,0,0.0,284343,2020,Diphtheria
Nan,0,0.0,0,0.0,477476,2020,Diphtheria
Phayao,0,0.0,0,0.0,469856,2020,Diphtheria
Phrae,0,0.0,0,0.0,439537,2020,Diphtheria
ZONE:02,0,0.0,0,0.0,3554902,2020,Diphtheria
Phetchabun,0,0.0,0,0.0,987196,2020,Diphtheria
Phitsanulok,0,0.0,0,0.0,857364,2020,Diphtheria
Sukhothai,0,0.0,0,0.0,591477,2020,Diphtheria
Tak,0,0.0,0,0.0,667942,2020,Diphtheria
Uttaradit,0,0.0,0,0.0,450923,2020,Diphtheria
ZONE:03,0,0.0,0,0.0,2956189,2020,Diphtheria
Chai Nat,0,0.0,0,0.0,324544,2020,Diphtheria
Kamphaeng Phet,0,0.0,0,0.0,719993,2020,Diphtheria
Nakhon Sawan,0,0.0,0,0.0,1050098,2020,Diphtheria
Phichit,0,0.0,0,0.0,534311,2020,Diphtheria
Uthai Thani,0,0.0,0,0.0,327243,2020,Diphtheria
ZONE:04,0,0.0,0,0.0,5400529,2020,Diphtheria
Ang Thong,0,0.0,0,0.0,278119,2020,Diphtheria
Lop Buri,0,0.0,0,0.0,749242,2020,Diphtheria
Nakhon Nayok,0,0.0,0,0.0,260416,2020,Diphtheria
Nonthaburi,0,0.0,0,0.0,1271065,2020,Diphtheria
P.Nakhon S.Ayutthaya,0,0.0,0,0.0,819638,2020,Diphtheria
Pathum Thani,0,0.0,0,0.0,1170008,2020,Diphtheria
Saraburi,0,0.0,0,0.0,644869,2020,Diphtheria
Sing Buri,0,0.0,0,0.0,207172,2020,Diphtheria
ZONE:05,1,0.02,0,0.0,5342038,2020,Diphtheria
Kanchanaburi,0,0.0,0,0.0,893751,2020,Diphtheria
Nakhon Pathom,0,0.0,0,0.0,920380,2020,Diphtheria
Phetchaburi,0,0.0,0,0.0,483692,2020,Diphtheria
Prachuap Khiri Khan,0,0.0,0,0.0,552398,2020,Diphtheria
Ratchaburi,0,0.0,0,0.0,871207,2020,Diphtheria
Samut Sakhon,0,0.0,0,0.0,585451,2020,Diphtheria
Samut Songkhram,0,0.0,0,0.0,192678,2020,Diphtheria
Suphan Buri,1,0.12,0,0.0,842481,2020,Diphtheria
ZONE:06,1,0.02,0,0.0,6192990,2020,Diphtheria
Chachoengsao,0,0.0,0,0.0,720416,2020,Diphtheria
Chanthaburi,0,0.0,0,0.0,536629,2020,Diphtheria
Chon Buri,0,0.0,0,0.0,1562593,2020,Diphtheria
Prachin Buri,0,0.0,0,0.0,494175,2020,Diphtheria
Rayong,0,0.0,0,0.0,738139,2020,Diphtheria
Sa Kaeo,1,0.18,0,0.0,563614,2020,Diphtheria
Samut Prakan,0,0.0,0,0.0,1348177,2020,Diphtheria
Trat,0,0.0,0,0.0,229247,2020,Diphtheria
ZONE:07,0,0.0,0,0.0,5039088,2020,Diphtheria
Kalasin,0,0.0,0,0.0,980297,2020,Diphtheria
Khon Kaen,0,0.0,0,0.0,1798702,2020,Diphtheria
Maha Sarakham,0,0.0,0,0.0,958163,2020,Diphtheria
Roi Et,0,0.0,0,0.0,1301926,2020,Diphtheria
ZONE:08,0,0.0,0,0.0,5540556,2020,Diphtheria
Bungkan,0,0.0,0,0.0,423067,2020,Diphtheria
Loei,0,0.0,0,0.0,640843,2020,Diphtheria
Nakhon Phanom,0,0.0,0,0.0,718169,2020,Diphtheria
Nong Bua Lam Phu,0,0.0,0,0.0,511125,2020,Diphtheria
Nong Khai,0,0.0,0,0.0,519873,2020,Diphtheria
Sakon Nakhon,0,0.0,0,0.0,1150164,2020,Diphtheria
Udon Thani,0,0.0,0,0.0,1577315,2020,Diphtheria
ZONE:09,1,0.01,1,0.01,6748199,2020,Diphtheria
Buri Ram,0,0.0,0,0.0,1588466,2020,Diphtheria
Chaiyaphum,0,0.0,0,0.0,1131140,2020,Diphtheria
Nakhon Ratchasima,0,0.0,0,0.0,2641067,2020,Diphtheria
Surin,1,0.07,1,0.07,1387526,2020,Diphtheria
ZONE:10,0,0.0,0,0.0,4603401,2020,Diphtheria
Amnat Charoen,0,0.0,0,0.0,377317,2020,Diphtheria
Mukdahan,0,0.0,0,0.0,352043,2020,Diphtheria
Si Sa Ket,0,0.0,0,0.0,1465719,2020,Diphtheria
Ubon Ratchathani,0,0.0,0,0.0,1872422,2020,Diphtheria
Yasothon,0,0.0,0,0.0,535900,2020,Diphtheria
ZONE:11,1,0.02,0,0.0,4489609,2020,Diphtheria
Chumphon,0,0.0,0,0.0,510256,2020,Diphtheria
Krabi,1,0.21,0,0.0,477254,2020,Diphtheria
Nakhon Si Thammarat,0,0.0,0,0.0,1556325,2020,Diphtheria
Phangnga,0,0.0,0,0.0,268509,2020,Diphtheria
Phuket,0,0.0,0,0.0,415527,2020,Diphtheria
Ranong,0,0.0,0,0.0,193871,2020,Diphtheria
Surat Thani,0,0.0,0,0.0,1067867,2020,Diphtheria
ZONE:12,4,0.08,3,0.06,4991217,2020,Diphtheria
Narathiwat,0,0.0,0,0.0,806224,2020,Diphtheria
Pattani,2,0.28,1,0.14,725559,2020,Diphtheria
Phatthalung,0,0.0,0,0.0,523971,2020,Diphtheria
Satun,0,0.0,0,0.0,323841,2020,Diphtheria
Songkhla,0,0.0,0,0.0,1432288,2020,Diphtheria
Trang,0,0.0,0,0.0,641868,2020,Diphtheria
Yala,2,0.37,2,0.37,537466,2020,Diphtheria
ZONE:13,0,0.0,0,0.0,5627243,2020,Diphtheria
Bangkok,0,0.0,0,0.0,5627243,2020,Diphtheria
Total,0,0.0,0,0.0,66179083,2021,Diphtheria
ZONE:01,0,0.0,0,0.0,5875424,2021,Diphtheria
Chiang Mai,0,0.0,0,0.0,1786877,2021,Diphtheria
Chiang Rai,0,0.0,0,0.0,1296725,2021,Diphtheria
Lampang,0,0.0,0,0.0,726821,2021,Diphtheria
Lamphun,0,0.0,0,0.0,401574,2021,Diphtheria
Mae Hong Son,0,0.0,0,0.0,285232,2021,Diphtheria
Nan,0,0.0,0,0.0,476300,2021,Diphtheria
Phayao,0,0.0,0,0.0,465930,2021,Diphtheria
Phrae,0,0.0,0,0.0,435965,2021,Diphtheria
ZONE:02,0,0.0,0,0.0,3536074,2021,Diphtheria
Phetchabun,0,0.0,0,0.0,980156,2021,Diphtheria
Phitsanulok,0,0.0,0,0.0,848432,2021,Diphtheria
Sukhothai,0,0.0,0,0.0,586617,2021,Diphtheria
Tak,0,0.0,0,0.0,673423,2021,Diphtheria
Uttaradit,0,0.0,0,0.0,447446,2021,Diphtheria
ZONE:03,0,0.0,0,0.0,2928596,2021,Diphtheria
Chai Nat,0,0.0,0,0.0,321454,2021,Diphtheria
Kamphaeng Phet,0,0.0,0,0.0,713130,2021,Diphtheria
Nakhon Sawan,0,0.0,0,0.0,1037668,2021,Diphtheria
Phichit,0,0.0,0,0.0,530852,2021,Diphtheria
Uthai Thani,0,0.0,0,0.0,325492,2021,Diphtheria
ZONE:04,0,0.0,0,0.0,5411959,2021,Diphtheria
Ang Thong,0,0.0,0,0.0,275673,2021,Diphtheria
Lop Buri,0,0.0,0,0.0,741200,2021,Diphtheria
Nakhon Nayok,0,0.0,0,0.0,260256,2021,Diphtheria
Nonthaburi,0,0.0,0,0.0,1282690,2021,Diphtheria
P.Nakhon S.Ayutthaya,0,0.0,0,0.0,819799,2021,Diphtheria
Pathum Thani,0,0.0,0,0.0,1183235,2021,Diphtheria
Saraburi,0,0.0,0,0.0,643895,2021,Diphtheria
Sing Buri,0,0.0,0,0.0,205211,2021,Diphtheria
ZONE:05,0,0.0,0,0.0,5332653,2021,Diphtheria
Kanchanaburi,0,0.0,0,0.0,893014,2021,Diphtheria
Nakhon Pathom,0,0.0,0,0.0,921450,2021,Diphtheria
Phetchaburi,0,0.0,0,0.0,482534,2021,Diphtheria
Prachuap Khiri Khan,0,0.0,0,0.0,551924,2021,Diphtheria
Ratchaburi,0,0.0,0,0.0,868797,2021,Diphtheria
Samut Sakhon,0,0.0,0,0.0,586494,2021,Diphtheria
Samut Songkhram,0,0.0,0,0.0,191447,2021,Diphtheria
Suphan Buri,0,0.0,0,0.0,836993,2021,Diphtheria
ZONE:06,0,0.0,0,0.0,6218594,2021,Diphtheria
Chachoengsao,0,0.0,0,0.0,722448,2021,Diphtheria
Chanthaburi,0,0.0,0,0.0,536058,2021,Diphtheria
Chon Buri,0,0.0,0,0.0,1575278,2021,Diphtheria
Prachin Buri,0,0.0,0,0.0,494498,2021,Diphtheria
Rayong,0,0.0,0,0.0,746433,2021,Diphtheria
Sa Kaeo,0,0.0,0,0.0,561459,2021,Diphtheria
Samut Prakan,0,0.0,0,0.0,1353964,2021,Diphtheria
Trat,0,0.0,0,0.0,228456,2021,Diphtheria
ZONE:07,0,0.0,0,0.0,5017381,2021,Diphtheria
Kalasin,0,0.0,0,0.0,976373,2021,Diphtheria
Khon Kaen,0,0.0,0,0.0,1792697,2021,Diphtheria
Maha Sarakham,0,0.0,0,0.0,950985,2021,Diphtheria
Roi Et,0,0.0,0,0.0,1297326,2021,Diphtheria
ZONE:08,0,0.0,0,0.0,5518109,2021,Diphtheria
Bungkan,0,0.0,0,0.0,422019,2021,Diphtheria
Loei,0,0.0,0,0.0,638734,2021,Diphtheria
Nakhon Phanom,0,0.0,0,0.0,717121,2021,Diphtheria
Nong Bua Lam Phu,0,0.0,0,0.0,509236,2021,Diphtheria
Nong Khai,0,0.0,0,0.0,517140,2021,Diphtheria
Sakon Nakhon,0,0.0,0,0.0,1146612,2021,Diphtheria
Udon Thani,0,0.0,0,0.0,1567247,2021,Diphtheria
ZONE:09,0,0.0,0,0.0,6714997,2021,Diphtheria
Buri Ram,0,0.0,0,0.0,1580495,2021,Diphtheria
Chaiyaphum,0,0.0,0,0.0,1123595,2021,Diphtheria
Nakhon Ratchasima,0,0.0,0,0.0,2633681,2021,Diphtheria
Surin,0,0.0,0,0.0,1377226,2021,Diphtheria
ZONE:10,0,0.0,0,0.0,4587095,2021,Diphtheria
Amnat Charoen,0,0.0,0,0.0,376273,2021,Diphtheria
Mukdahan,0,0.0,0,0.0,351198,2021,Diphtheria
Si Sa Ket,0,0.0,0,0.0,1458068,2021,Diphtheria
Ubon Ratchathani,0,0.0,0,0.0,1867608,2021,Diphtheria
Yasothon,0,0.0,0,0.0,533948,2021,Diphtheria
ZONE:11,0,0.0,0,0.0,4487259,2021,Diphtheria
Chumphon,0,0.0,0,0.0,509344,2021,Diphtheria
Krabi,0,0.0,0,0.0,478561,2021,Diphtheria
Nakhon Si Thammarat,0,0.0,0,0.0,1550033,2021,Diphtheria
Phangnga,0,0.0,0,0.0,268123,2021,Diphtheria
Phuket,0,0.0,0,0.0,416629,2021,Diphtheria
Ranong,0,0.0,0,0.0,194473,2021,Diphtheria
Surat Thani,0,0.0,0,0.0,1070096,2021,Diphtheria
ZONE:12,0,0.0,0,0.0,4992834,2021,Diphtheria
Narathiwat,0,0.0,0,0.0,807045,2021,Diphtheria
Pattani,0,0.0,0,0.0,727799,2021,Diphtheria
Phatthalung,0,0.0,0,0.0,522810,2021,Diphtheria
Satun,0,0.0,0,0.0,324467,2021,Diphtheria
Songkhla,0,0.0,0,0.0,1430073,2021,Diphtheria
Trang,0,0.0,0,0.0,640182,2021,Diphtheria
Yala,0,0.0,0,0.0,540458,2021,Diphtheria
ZONE:13,0,0.0,0,0.0,5558108,2021,Diphtheria
Bangkok,0,0.0,0,0.0,5558108,2021,Diphtheria
Total,0,0.0,0,0.0,66171439,2022,Diphtheria
ZONE:01,0,0.0,0,0.0,5874503,2022,Diphtheria
Chiang Mai,0,0.0,0,0.0,1789385,2022,Diphtheria
Chiang Rai,0,0.0,0,0.0,1298425,2022,Diphtheria
Lampang,0,0.0,0,0.0,724678,2022,Diphtheria
Lamphun,0,0.0,0,0.0,401139,2022,Diphtheria
Mae Hong Son,0,0.0,0,0.0,285916,2022,Diphtheria
Nan,0,0.0,0,0.0,475875,2022,Diphtheria
Phayao,0,0.0,0,0.0,464505,2022,Diphtheria
Phrae,0,0.0,0,0.0,434580,2022,Diphtheria
ZONE:02,0,0.0,0,0.0,3533839,2022,Diphtheria
Phetchabun,0,0.0,0,0.0,978372,2022,Diphtheria
Phitsanulok,0,0.0,0,0.0,847384,2022,Diphtheria
Sukhothai,0,0.0,0,0.0,585352,2022,Diphtheria
Tak,0,0.0,0,0.0,676583,2022,Diphtheria
Uttaradit,0,0.0,0,0.0,446148,2022,Diphtheria
ZONE:03,0,0.0,0,0.0,2922114,2022,Diphtheria
Chai Nat,0,0.0,0,0.0,320432,2022,Diphtheria
Kamphaeng Phet,0,0.0,0,0.0,712143,2022,Diphtheria
Nakhon Sawan,0,0.0,0,0.0,1035028,2022,Diphtheria
Phichit,0,0.0,0,0.0,529395,2022,Diphtheria
Uthai Thani,0,0.0,0,0.0,325116,2022,Diphtheria
ZONE:04,0,0.0,0,0.0,5422367,2022,Diphtheria
Ang Thong,0,0.0,0,0.0,274763,2022,Diphtheria
Lop Buri,0,0.0,0,0.0,739473,2022,Diphtheria
Nakhon Nayok,0,0.0,0,0.0,260433,2022,Diphtheria
Nonthaburi,0,0.0,0,0.0,1288637,2022,Diphtheria
P.Nakhon S.Ayutthaya,0,0.0,0,0.0,820512,2022,Diphtheria
Pathum Thani,0,0.0,0,0.0,1190060,2022,Diphtheria
Saraburi,0,0.0,0,0.0,643963,2022,Diphtheria
Sing Buri,0,0.0,0,0.0,204526,2022,Diphtheria
ZONE:05,0,0.0,0,0.0,5333543,2022,Diphtheria
Kanchanaburi,0,0.0,0,0.0,894054,2022,Diphtheria
Nakhon Pathom,0,0.0,0,0.0,922171,2022,Diphtheria
Phetchaburi,0,0.0,0,0.0,482875,2022,Diphtheria
Prachuap Khiri Khan,0,0.0,0,0.0,553171,2022,Diphtheria
Ratchaburi,0,0.0,0,0.0,868281,2022,Diphtheria
Samut Sakhon,0,0.0,0,0.0,586789,2022,Diphtheria
Samut Songkhram,0,0.0,0,0.0,190842,2022,Diphtheria
Suphan Buri,0,0.0,0,0.0,835360,2022,Diphtheria
ZONE:06,0,0.0,0,0.0,6237892,2022,Diphtheria
Chachoengsao,0,0.0,0,0.0,724178,2022,Diphtheria
Chanthaburi,0,0.0,0,0.0,536557,2022,Diphtheria
Chon Buri,0,0.0,0,0.0,1583672,2022,Diphtheria
Prachin Buri,0,0.0,0,0.0,495325,2022,Diphtheria
Rayong,0,0.0,0,0.0,751343,2022,Diphtheria
Sa Kaeo,0,0.0,0,0.0,561992,2022,Diphtheria
Samut Prakan,0,0.0,0,0.0,1356449,2022,Diphtheria
Trat,0,0.0,0,0.0,228376,2022,Diphtheria
ZONE:07,0,0.0,0,0.0,5010756,2022,Diphtheria
Kalasin,0,0.0,0,0.0,975570,2022,Diphtheria
Khon Kaen,0,0.0,0,0.0,1790863,2022,Diphtheria
Maha Sarakham,0,0.0,0,0.0,948310,2022,Diphtheria
Roi Et,0,0.0,0,0.0,1296013,2022,Diphtheria
ZONE:08,0,0.0,0,0.0,5516407,2022,Diphtheria
Bungkan,0,0.0,0,0.0,421995,2022,Diphtheria
Loei,0,0.0,0,0.0,638732,2022,Diphtheria
Nakhon Phanom,0,0.0,0,0.0,717040,2022,Diphtheria
Nong Bua Lam Phu,0,0.0,0,0.0,509001,2022,Diphtheria
Nong Khai,0,0.0,0,0.0,516843,2022,Diphtheria
Sakon Nakhon,0,0.0,0,0.0,1146286,2022,Diphtheria
Udon Thani,0,0.0,0,0.0,1566510,2022,Diphtheria
ZONE:09,0,0.0,0,0.0,6712454,2022,Diphtheria
Buri Ram,0,0.0,0,0.0,1579805,2022,Diphtheria
Chaiyaphum,0,0.0,0,0.0,1122265,2022,Diphtheria
Nakhon Ratchasima,0,0.0,0,0.0,2634154,2022,Diphtheria
Surin,0,0.0,0,0.0,1376230,2022,Diphtheria
ZONE:10,0,0.0,0,0.0,4587303,2022,Diphtheria
Amnat Charoen,0,0.0,0,0.0,376350,2022,Diphtheria
Mukdahan,0,0.0,0,0.0,351484,2022,Diphtheria
Si Sa Ket,0,0.0,0,0.0,1457556,2022,Diphtheria
Ubon Ratchathani,0,0.0,0,0.0,1868519,2022,Diphtheria
Yasothon,0,0.0,0,0.0,533394,2022,Diphtheria
ZONE:11,0,0.0,0,0.0,4492012,2022,Diphtheria
Chumphon,0,0.0,0,0.0,509479,2022,Diphtheria
Krabi,0,0.0,0,0.0,479351,2022,Diphtheria
Nakhon Si Thammarat,0,0.0,0,0.0,1549344,2022,Diphtheria
Phangnga,0,0.0,0,0.0,268016,2022,Diphtheria
Phuket,0,0.0,0,0.0,418785,2022,Diphtheria
Ranong,0,0.0,0,0.0,194573,2022,Diphtheria
Surat Thani,0,0.0,0,0.0,1072464,2022,Diphtheria
ZONE:12,0,0.0,0,0.0,5000255,2022,Diphtheria
Narathiwat,0,0.0,0,0.0,809660,2022,Diphtheria
Pattani,0,0.0,0,0.0,729581,2022,Diphtheria
Phatthalung,0,0.0,0,0.0,522541,2022,Diphtheria
Satun,0,0.0,0,0.0,324835,2022,Diphtheria
Songkhla,0,0.0,0,0.0,1431536,2022,Diphtheria
Trang,0,0.0,0,0.0,639788,2022,Diphtheria
Yala,0,0.0,0,0.0,542314,2022,Diphtheria
ZONE:13,0,0.0,0,0.0,5527994,2022,Diphtheria
Bangkok,0,0.0,0,0.0,5527994,2022,Diphtheria
Total,6,0.01,0,0.0,66130957,2023,Diphtheria
ZONE:01,0,0.0,0,0.0,5869190,2023,Diphtheria
Chiang Mai,0,0.0,0,0.0,1790929,2023,Diphtheria
Chiang Rai,0,0.0,0,0.0,1299030,2023,Diphtheria
Lampang,0,0.0,0,0.0,721734,2023,Diphtheria
Lamphun,0,0.0,0,0.0,400348,2023,Diphtheria
Mae Hong Son,0,0.0,0,0.0,286350,2023,Diphtheria
Nan,0,0.0,0,0.0,475207,2023,Diphtheria
Phayao,0,0.0,0,0.0,462968,2023,Diphtheria
Phrae,0,0.0,0,0.0,432624,2023,Diphtheria
ZONE:02,0,0.0,0,0.0,3530228,2023,Diphtheria
Phetchabun,0,0.0,0,0.0,975879,2023,Diphtheria
Phitsanulok,0,0.0,0,0.0,845938,2023,Diphtheria
Sukhothai,0,0.0,0,0.0,583502,2023,Diphtheria
Tak,0,0.0,0,0.0,680361,2023,Diphtheria
Uttaradit,0,0.0,0,0.0,444548,2023,Diphtheria
ZONE:03,0,0.0,0,0.0,2913905,2023,Diphtheria
Chai Nat,0,0.0,0,0.0,319370,2023,Diphtheria
Kamphaeng Phet,0,0.0,0,0.0,710458,2023,Diphtheria
Nakhon Sawan,0,0.0,0,0.0,1031921,2023,Diphtheria
Phichit,0,0.0,0,0.0,527669,2023,Diphtheria
Uthai Thani,0,0.0,0,0.0,324487,2023,Diphtheria
ZONE:04,0,0.0,0,0.0,5424945,2023,Diphtheria
Ang Thong,0,0.0,0,0.0,273675,2023,Diphtheria
Lop Buri,0,0.0,0,0.0,737382,2023,Diphtheria
Nakhon Nayok,0,0.0,0,0.0,260419,2023,Diphtheria
Nonthaburi,0,0.0,0,0.0,1292276,2023,Diphtheria
P.Nakhon S.Ayutthaya,0,0.0,0,0.0,820464,2023,Diphtheria
Pathum Thani,0,0.0,0,0.0,1195796,2023,Diphtheria
Saraburi,0,0.0,0,0.0,641272,2023,Diphtheria
Sing Buri,0,0.0,0,0.0,203661,2023,Diphtheria
ZONE:05,0,0.0,0,0.0,5330665,2023,Diphtheria
Kanchanaburi,0,0.0,0,0.0,894168,2023,Diphtheria
Nakhon Pathom,0,0.0,0,0.0,922026,2023,Diphtheria
Phetchaburi,0,0.0,0,0.0,482912,2023,Diphtheria
Prachuap Khiri Khan,0,0.0,0,0.0,553234,2023,Diphtheria
Ratchaburi,0,0.0,0,0.0,867043,2023,Diphtheria
Samut Sakhon,0,0.0,0,0.0,588108,2023,Diphtheria
Samut Songkhram,0,0.0,0,0.0,190147,2023,Diphtheria
Suphan Buri,0,0.0,0,0.0,833027,2023,Diphtheria
ZONE:06,0,0.0,0,0.0,6251747,2023,Diphtheria
Chachoengsao,0,0.0,0,0.0,725433,2023,Diphtheria
Chanthaburi,0,0.0,0,0.0,536351,2023,Diphtheria
Chon Buri,0,0.0,0,0.0,1589214,2023,Diphtheria
Prachin Buri,0,0.0,0,0.0,496551,2023,Diphtheria
Rayong,0,0.0,0,0.0,755364,2023,Diphtheria
Sa Kaeo,0,0.0,0,0.0,562404,2023,Diphtheria
Samut Prakan,0,0.0,0,0.0,1358338,2023,Diphtheria
Trat,0,0.0,0,0.0,228092,2023,Diphtheria
ZONE:07,0,0.0,0,0.0,5001616,2023,Diphtheria
Kalasin,0,0.0,0,0.0,973835,2023,Diphtheria
Khon Kaen,0,0.0,0,0.0,1787752,2023,Diphtheria
Maha Sarakham,0,0.0,0,0.0,946457,2023,Diphtheria
Roi Et,0,0.0,0,0.0,1293572,2023,Diphtheria
ZONE:08,0,0.0,0,0.0,5512222,2023,Diphtheria
Bungkan,0,0.0,0,0.0,421840,2023,Diphtheria
Loei,0,0.0,0,0.0,638037,2023,Diphtheria
Nakhon Phanom,0,0.0,0,0.0,716844,2023,Diphtheria
Nong Bua Lam Phu,0,0.0,0,0.0,508664,2023,Diphtheria
Nong Khai,0,0.0,0,0.0,516320,2023,Diphtheria
Sakon Nakhon,0,0.0,0,0.0,1145737,2023,Diphtheria
Udon Thani,0,0.0,0,0.0,1564780,2023,Diphtheria
ZONE:09,4,0.06,0,0.0,6705133,2023,Diphtheria
Buri Ram,0,0.0,0,0.0,1578361,2023,Diphtheria
Chaiyaphum,4,0.36,0,0.0,1120095,2023,Diphtheria
Nakhon Ratchasima,0,0.0,0,0.0,2632106,2023,Diphtheria
Surin,0,0.0,0,0.0,1374571,2023,Diphtheria
ZONE:10,0,0.0,0,0.0,4585207,2023,Diphtheria
Amnat Charoen,0,0.0,0,0.0,375866,2023,Diphtheria
Mukdahan,0,0.0,0,0.0,351537,2023,Diphtheria
Si Sa Ket,0,0.0,0,0.0,1456144,2023,Diphtheria
Ubon Ratchathani,0,0.0,0,0.0,1869163,2023,Diphtheria
Yasothon,0,0.0,0,0.0,532497,2023,Diphtheria
ZONE:11,0,0.0,0,0.0,4489916,2023,Diphtheria
Chumphon,0,0.0,0,0.0,509433,2023,Diphtheria
Krabi,0,0.0,0,0.0,479705,2023,Diphtheria
Nakhon Si Thammarat,0,0.0,0,0.0,1547246,2023,Diphtheria
Phangnga,0,0.0,0,0.0,267729,2023,Diphtheria
Phuket,0,0.0,0,0.0,418339,2023,Diphtheria
Ranong,0,0.0,0,0.0,194400,2023,Diphtheria
Surat Thani,0,0.0,0,0.0,1073064,2023,Diphtheria
ZONE:12,2,0.04,0,0.0,5004720,2023,Diphtheria
Narathiwat,0,0.0,0,0.0,811891,2023,Diphtheria
Pattani,2,0.27,0,0.0,731269,2023,Diphtheria
Phatthalung,0,0.0,0,0.0,522080,2023,Diphtheria
Satun,0,0.0,0,0.0,325069,2023,Diphtheria
Songkhla,0,0.0,0,0.0,1431300,2023,Diphtheria
Trang,0,0.0,0,0.0,638997,2023,Diphtheria
Yala,0,0.0,0,0.0,544114,2023,Diphtheria
ZONE:13,0,0.0,0,0.0,5511463,2023,Diphtheria
Bangkok,0,0.0,0,0.0,5511463,2023,Diphtheria
Total,9,0.01,3,0.0,66071545,2024,Diphtheria
ZONE:01,0,0.0,0,0.0,5857413,2024,Diphtheria
Chiang Mai,0,0.0,0,0.0,1794774,2024,Diphtheria
Chiang Rai,0,0.0,0,0.0,1299306,2024,Diphtheria
Lampang,0,0.0,0,0.0,715133,2024,Diphtheria
Lamphun,0,0.0,0,0.0,398998,2024,Diphtheria
Mae Hong Son,0,0.0,0,0.0,287215,2024,Diphtheria
Nan,0,0.0,0,0.0,473630,2024,Diphtheria
Phayao,0,0.0,0,0.0,459858,2024,Diphtheria
Phrae,0,0.0,0,0.0,428499,2024,Diphtheria
ZONE:02,4,0.11,2,0.06,3522489,2024,Diphtheria
Phetchabun,0,0.0,0,0.0,970403,2024,Diphtheria
Phitsanulok,0,0.0,0,0.0,843111,2024,Diphtheria
Sukhothai,0,0.0,0,0.0,579759,2024,Diphtheria
Tak,4,0.58,2,0.29,687927,2024,Diphtheria
Uttaradit,0,0.0,0,0.0,441289,2024,Diphtheria
ZONE:03,0,0.0,0,0.0,2896463,2024,Diphtheria
Chai Nat,0,0.0,0,0.0,317263,2024,Diphtheria
Kamphaeng Phet,0,0.0,0,0.0,706861,2024,Diphtheria
Nakhon Sawan,0,0.0,0,0.0,1025348,2024,Diphtheria
Phichit,0,0.0,0,0.0,523925,2024,Diphtheria
Uthai Thani,0,0.0,0,0.0,323066,2024,Diphtheria
ZONE:04,1,0.02,0,0.0,5438863,2024,Diphtheria
Ang Thong,0,0.0,0,0.0,271656,2024,Diphtheria
Lop Buri,0,0.0,0,0.0,732495,2024,Diphtheria
Nakhon Nayok,0,0.0,0,0.0,260261,2024,Diphtheria
Nonthaburi,1,0.08,0,0.0,1302004,2024,Diphtheria
P.Nakhon S.Ayutthaya,0,0.0,0,0.0,821261,2024,Diphtheria
Pathum Thani,0,0.0,0,0.0,1210365,2024,Diphtheria
Saraburi,0,0.0,0,0.0,638704,2024,Diphtheria
Sing Buri,0,0.0,0,0.0,202117,2024,Diphtheria
ZONE:05,1,0.02,0,0.0,5326695,2024,Diphtheria
Kanchanaburi,0,0.0,0,0.0,894781,2024,Diphtheria
Nakhon Pathom,0,0.0,0,0.0,923201,2024,Diphtheria
Phetchaburi,0,0.0,0,0.0,483305,2024,Diphtheria
Prachuap Khiri Khan,0,0.0,0,0.0,552137,2024,Diphtheria
Ratchaburi,0,0.0,0,0.0,865276,2024,Diphtheria
Samut Sakhon,0,0.0,0,0.0,590730,2024,Diphtheria
Samut Songkhram,0,0.0,0,0.0,188723,2024,Diphtheria
Suphan Buri,1,0.12,0,0.0,828542,2024,Diphtheria
ZONE:06,1,0.02,0,0.0,6292163,2024,Diphtheria
Chachoengsao,0,0.0,0,0.0,728615,2024,Diphtheria
Chanthaburi,0,0.0,0,0.0,536290,2024,Diphtheria
Chon Buri,0,0.0,0,0.0,1606412,2024,Diphtheria
Prachin Buri,0,0.0,0,0.0,498671,2024,Diphtheria
Rayong,0,0.0,0,0.0,765287,2024,Diphtheria
Sa Kaeo,1,0.18,0,0.0,562860,2024,Diphtheria
Samut Prakan,0,0.0,0,0.0,1366598,2024,Diphtheria
Trat,0,0.0,0,0.0,227430,2024,Diphtheria
ZONE:07,0,0.0,0,0.0,4981337,2024,Diphtheria
Kalasin,0,0.0,0,0.0,970084,2024,Diphtheria
Khon Kaen,0,0.0,0,0.0,1782008,2024,Diphtheria
Maha Sarakham,0,0.0,0,0.0,941261,2024,Diphtheria
Roi Et,0,0.0,0,0.0,1287984,2024,Diphtheria
ZONE:08,0,0.0,0,0.0,5500012,2024,Diphtheria
Bungkan,0,0.0,0,0.0,421086,2024,Diphtheria
Loei,0,0.0,0,0.0,636242,2024,Diphtheria
Nakhon Phanom,0,0.0,0,0.0,715466,2024,Diphtheria
Nong Bua Lam Phu,0,0.0,0,0.0,507599,2024,Diphtheria
Nong Khai,0,0.0,0,0.0,514909,2024,Diphtheria
Sakon Nakhon,0,0.0,0,0.0,1143922,2024,Diphtheria
Udon Thani,0,0.0,0,0.0,1560788,2024,Diphtheria
ZONE:09,0,0.0,0,0.0,6689028,2024,Diphtheria
Buri Ram,0,0.0,0,0.0,1575073,2024,Diphtheria
Chaiyaphum,0,0.0,0,0.0,1115652,2024,Diphtheria
Nakhon Ratchasima,0,0.0,0,0.0,2627927,2024,Diphtheria
Surin,0,0.0,0,0.0,1370376,2024,Diphtheria
ZONE:10,0,0.0,0,0.0,4578831,2024,Diphtheria
Amnat Charoen,0,0.0,0,0.0,374760,2024,Diphtheria
Mukdahan,0,0.0,0,0.0,351592,2024,Diphtheria
Si Sa Ket,0,0.0,0,0.0,1452532,2024,Diphtheria
Ubon Ratchathani,0,0.0,0,0.0,1869708,2024,Diphtheria
Yasothon,0,0.0,0,0.0,530239,2024,Diphtheria
ZONE:11,0,0.0,0,0.0,4489783,2024,Diphtheria
Chumphon,0,0.0,0,0.0,509122,2024,Diphtheria
Krabi,0,0.0,0,0.0,481089,2024,Diphtheria
Nakhon Si Thammarat,0,0.0,0,0.0,1543051,2024,Diphtheria
Phangnga,0,0.0,0,0.0,267250,2024,Diphtheria
Phuket,0,0.0,0,0.0,420746,2024,Diphtheria
Ranong,0,0.0,0,0.0,193799,2024,Diphtheria
Surat Thani,0,0.0,0,0.0,1074726,2024,Diphtheria
ZONE:12,2,0.04,1,0.02,5015209,2024,Diphtheria
Narathiwat,0,0.0,0,0.0,816642,2024,Diphtheria
Pattani,2,0.27,1,0.14,735017,2024,Diphtheria
Phatthalung,0,0.0,0,0.0,521109,2024,Diphtheria
Satun,0,0.0,0,0.0,325387,2024,Diphtheria
Songkhla,0,0.0,0,0.0,1431512,2024,Diphtheria
Trang,0,0.0,0,0.0,637612,2024,Diphtheria
Yala,0,0.0,0,0.0,547930,2024,Diphtheria
ZONE:13,0,0.0,0,0.0,5483259,2024,Diphtheria
Bangkok,0,0.0,0,0.0,5483259,2024,Diphtheria
