Areas,Cases,Incidence,Deaths,CFR,Mortality,Population,Year,Disease
Total,1,0.00,0,0.00,0.00,66486458,2019,Pediculosis
ZONE:01,0,0.00,0,0.00,0.00,5891985,2019,Pediculosis
Chiang Mai,0,0.00,0,0.00,0.00,1771499,2019,Pediculosis
Chiang Rai,0,0.00,0,0.00,0.00,1295217,2019,Pediculosis
Lampang,0,0.00,0,0.00,0.00,740600,2019,Pediculosis
Lamphun,0,0.00,0,0.00,0.00,405515,2019,Pediculosis
Mae Hong Son,0,0.00,0,0.00,0.00,283352,2019,Pediculosis
Nan,0,0.00,0,0.00,0.00,478608,2019,Pediculosis
Phayao,0,0.00,0,0.00,0.00,473786,2019,Pediculosis
Phrae,0,0.00,0,0.00,0.00,443408,2019,Pediculosis
ZONE:02,0,0.00,0,0.00,0.00,3570128,2019,Pediculosis
Phetchabun,0,0.00,0,0.00,0.00,993496,2019,Pediculosis
Phitsanulok,0,0.00,0,0.00,0.00,866068,2019,Pediculosis
Sukhothai,0,0.00,0,0.00,0.00,596165,2019,Pediculosis
Tak,0,0.00,0,0.00,0.00,660147,2019,Pediculosis
Uttaradit,0,0.00,0,0.00,0.00,454252,2019,Pediculosis
ZONE:03,0,0.00,0,0.00,0.00,2983068,2019,Pediculosis
Chai Nat,0,0.00,0,0.00,0.00,327437,2019,Pediculosis
Kamphaeng Phet,0,0.00,0,0.00,0.00,726836,2019,Pediculosis
Nakhon Sawan,0,0.00,0,0.00,0.00,1061926,2019,Pediculosis
Phichit,0,0.00,0,0.00,0.00,537843,2019,Pediculosis
Uthai Thani,0,0.00,0,0.00,0.00,329026,2019,Pediculosis
ZONE:04,0,0.00,0,0.00,0.00,5381695,2019,Pediculosis
Ang Thong,0,0.00,0,0.00,0.00,280246,2019,Pediculosis
Lop Buri,0,0.00,0,0.00,0.00,757145,2019,Pediculosis
Nakhon Nayok,0,0.00,0,0.00,0.00,260421,2019,Pediculosis
Nonthaburi,0,0.00,0,0.00,0.00,1255840,2019,Pediculosis
P.Nakhon S.Ayutthaya,0,0.00,0,0.00,0.00,818815,2019,Pediculosis
Pathum Thani,0,0.00,0,0.00,0.00,1154848,2019,Pediculosis
Saraburi,0,0.00,0,0.00,0.00,645468,2019,Pediculosis
Sing Buri,0,0.00,0,0.00,0.00,208912,2019,Pediculosis
ZONE:05,0,0.00,0,0.00,0.00,5344807,2019,Pediculosis
Kanchanaburi,0,0.00,0,0.00,0.00,894338,2019,Pediculosis
Nakhon Pathom,0,0.00,0,0.00,0.00,918542,2019,Pediculosis
Phetchaburi,0,0.00,0,0.00,0.00,484743,2019,Pediculosis
Prachuap Khiri Khan,0,0.00,0,0.00,0.00,551466,2019,Pediculosis
Ratchaburi,0,0.00,0,0.00,0.00,873310,2019,Pediculosis
Samut Sakhon,0,0.00,0,0.00,0.00,581334,2019,Pediculosis
Samut Songkhram,0,0.00,0,0.00,0.00,193548,2019,Pediculosis
Suphan Buri,0,0.00,0,0.00,0.00,847526,2019,Pediculosis
ZONE:06,0,0.00,0,0.00,0.00,6154601,2019,Pediculosis
Chachoengsao,0,0.00,0,0.00,0.00,717561,2019,Pediculosis
Chanthaburi,0,0.00,0,0.00,0.00,537097,2019,Pediculosis
Chon Buri,0,0.00,0,0.00,0.00,1546873,2019,Pediculosis
Prachin Buri,0,0.00,0,0.00,0.00,493159,2019,Pediculosis
Rayong,0,0.00,0,0.00,0.00,729035,2019,Pediculosis
Sa Kaeo,0,0.00,0,0.00,0.00,565198,2019,Pediculosis
Samut Prakan,0,0.00,0,0.00,0.00,1335742,2019,Pediculosis
Trat,0,0.00,0,0.00,0.00,229936,2019,Pediculosis
"Center of Epidemiological Information, Bureau of Epidemiology, Mininstry of Public Health",06/08/2563,,,,,,2019,Pediculosis
"Number of cases ,deaths, morbidity rate ,mortality rate,case fatality rate , Thailand 2562  (2019)",Pediculosis Pubis,88,,,,,2019,Pediculosis
Reporting  areas,cases,Morbidity rate,deaths,CFR(%),Mortality rate,จำนวน,2019,Pediculosis
/100000  Pop.,/100000  pop.,ประชากร,,,,,2019,Pediculosis
ZONE:07,0,0.00,0,0.00,0.00,5057831,2019,Pediculosis
Kalasin,0,0.00,0,0.00,0.00,984381,2019,Pediculosis
Khon Kaen,0,0.00,0,0.00,0.00,1804384,2019,Pediculosis
Maha Sarakham,0,0.00,0,0.00,0.00,962856,2019,Pediculosis
Roi Et,0,0.00,0,0.00,0.00,1306210,2019,Pediculosis
ZONE:08,0,0.00,0,0.00,0.00,5559986,2019,Pediculosis
Bungkan,0,0.00,0,0.00,0.00,424016,2019,Pediculosis
Loei,0,0.00,0,0.00,0.00,642862,2019,Pediculosis
Nakhon Phanom,0,0.00,0,0.00,0.00,718961,2019,Pediculosis
Nong Bua Lam Phu,0,0.00,0,0.00,0.00,512449,2019,Pediculosis
Nong Khai,0,0.00,0,0.00,0.00,522207,2019,Pediculosis
Sakon Nakhon,0,0.00,0,0.00,0.00,1152835,2019,Pediculosis
Udon Thani,0,0.00,0,0.00,0.00,1586656,2019,Pediculosis
ZONE:09,0,0.00,0,0.00,0.00,6778372,2019,Pediculosis
Buri Ram,0,0.00,0,0.00,0.00,1595299,2019,Pediculosis
Chaiyaphum,0,0.00,0,0.00,0.00,1138067,2019,Pediculosis
Nakhon Ratchasima,0,0.00,0,0.00,0.00,2647663,2019,Pediculosis
Surin,0,0.00,0,0.00,0.00,1397343,2019,Pediculosis
ZONE:10,0,0.00,0,0.00,0.00,4618551,2019,Pediculosis
Amnat Charoen,0,0.00,0,0.00,0.00,378530,2019,Pediculosis
Mukdahan,0,0.00,0,0.00,0.00,352727,2019,Pediculosis
Si Sa Ket,0,0.00,0,0.00,0.00,1472934,2019,Pediculosis
Ubon Ratchathani,0,0.00,0,0.00,0.00,1876347,2019,Pediculosis
Yasothon,0,0.00,0,0.00,0.00,538013,2019,Pediculosis
ZONE:11,0,0.00,0,0.00,0.00,4487837,2019,Pediculosis
Chumphon,0,0.00,0,0.00,0.00,511134,2019,Pediculosis
Krabi,0,0.00,0,0.00,0.00,475239,2019,Pediculosis
Nakhon Si Thammarat,0,0.00,0,0.00,0.00,1561179,2019,Pediculosis
Phangnga,0,0.00,0,0.00,0.00,268513,2019,Pediculosis
Phuket,0,0.00,0,0.00,0.00,413397,2019,Pediculosis
Ranong,0,0.00,0,0.00,0.00,192619,2019,Pediculosis
Surat Thani,0,0.00,0,0.00,0.00,1065756,2019,Pediculosis
ZONE:12,0,0.00,0,0.00,0.00,4986140,2019,Pediculosis
Narathiwat,0,0.00,0,0.00,0.00,805248,2019,Pediculosis
Pattani,0,0.00,0,0.00,0.00,721591,2019,Pediculosis
Phatthalung,0,0.00,0,0.00,0.00,524955,2019,Pediculosis
Satun,0,0.00,0,0.00,0.00,322580,2019,Pediculosis
Songkhla,0,0.00,0,0.00,0.00,1434298,2019,Pediculosis
Trang,0,0.00,0,0.00,0.00,643140,2019,Pediculosis
Yala,0,0.00,0,0.00,0.00,534328,2019,Pediculosis
ZONE:13,1,0.02,0,0.00,0.00,5671457,2019,Pediculosis
Bangkok,1,0.02,0,0.00,0.00,5671457,2019,Pediculosis
Total,4,0.01,0,0.00,0.00,66372831,2020,Pediculosis
ZONE:01,0,0.00,0,0.00,0.00,5886870,2020,Pediculosis
Chiang Mai,0,0.00,0,0.00,0.00,1781812,2020,Pediculosis
Chiang Rai,0,0.00,0,0.00,0.00,1296664,2020,Pediculosis
Lampang,0,0.00,0,0.00,0.00,733640,2020,Pediculosis
Lamphun,0,0.00,0,0.00,0.00,403542,2020,Pediculosis
Mae Hong Son,0,0.00,0,0.00,0.00,284343,2020,Pediculosis
Nan,0,0.00,0,0.00,0.00,477476,2020,Pediculosis
Phayao,0,0.00,0,0.00,0.00,469856,2020,Pediculosis
Phrae,0,0.00,0,0.00,0.00,439537,2020,Pediculosis
ZONE:02,0,0.00,0,0.00,0.00,3554902,2020,Pediculosis
Phetchabun,0,0.00,0,0.00,0.00,987196,2020,Pediculosis
Phitsanulok,0,0.00,0,0.00,0.00,857364,2020,Pediculosis
Sukhothai,0,0.00,0,0.00,0.00,591477,2020,Pediculosis
Tak,0,0.00,0,0.00,0.00,667942,2020,Pediculosis
Uttaradit,0,0.00,0,0.00,0.00,450923,2020,Pediculosis
ZONE:03,0,0.00,0,0.00,0.00,2956189,2020,Pediculosis
Chai Nat,0,0.00,0,0.00,0.00,324544,2020,Pediculosis
Kamphaeng Phet,0,0.00,0,0.00,0.00,719993,2020,Pediculosis
Nakhon Sawan,0,0.00,0,0.00,0.00,1050098,2020,Pediculosis
Phichit,0,0.00,0,0.00,0.00,534311,2020,Pediculosis
Uthai Thani,0,0.00,0,0.00,0.00,327243,2020,Pediculosis
ZONE:04,1,0.02,0,0.00,0.00,5400529,2020,Pediculosis
Ang Thong,0,0.00,0,0.00,0.00,278119,2020,Pediculosis
Lop Buri,0,0.00,0,0.00,0.00,749242,2020,Pediculosis
Nakhon Nayok,0,0.00,0,0.00,0.00,260416,2020,Pediculosis
Nonthaburi,0,0.00,0,0.00,0.00,1271065,2020,Pediculosis
P.Nakhon S.Ayutthaya,0,0.00,0,0.00,0.00,819638,2020,Pediculosis
Pathum Thani,1,0.09,0,0.00,0.00,1170008,2020,Pediculosis
Saraburi,0,0.00,0,0.00,0.00,644869,2020,Pediculosis
Sing Buri,0,0.00,0,0.00,0.00,207172,2020,Pediculosis
ZONE:05,0,0.00,0,0.00,0.00,5342038,2020,Pediculosis
Kanchanaburi,0,0.00,0,0.00,0.00,893751,2020,Pediculosis
Nakhon Pathom,0,0.00,0,0.00,0.00,920380,2020,Pediculosis
Phetchaburi,0,0.00,0,0.00,0.00,483692,2020,Pediculosis
Prachuap Khiri Khan,0,0.00,0,0.00,0.00,552398,2020,Pediculosis
Ratchaburi,0,0.00,0,0.00,0.00,871207,2020,Pediculosis
Samut Sakhon,0,0.00,0,0.00,0.00,585451,2020,Pediculosis
Samut Songkhram,0,0.00,0,0.00,0.00,192678,2020,Pediculosis
Suphan Buri,0,0.00,0,0.00,0.00,842481,2020,Pediculosis
ZONE:06,0,0.00,0,0.00,0.00,6192990,2020,Pediculosis
Chachoengsao,0,0.00,0,0.00,0.00,720416,2020,Pediculosis
Chanthaburi,0,0.00,0,0.00,0.00,536629,2020,Pediculosis
Chon Buri,0,0.00,0,0.00,0.00,1562593,2020,Pediculosis
Prachin Buri,0,0.00,0,0.00,0.00,494175,2020,Pediculosis
Rayong,0,0.00,0,0.00,0.00,738139,2020,Pediculosis
Sa Kaeo,0,0.00,0,0.00,0.00,563614,2020,Pediculosis
Samut Prakan,0,0.00,0,0.00,0.00,1348177,2020,Pediculosis
Trat,0,0.00,0,0.00,0.00,229247,2020,Pediculosis
"Center of Epidemiological Information, Bureau of Epidemiology, Mininstry of Public Health",22/09/2564,,,,,,2020,Pediculosis
"Number of cases ,deaths, morbidity rate ,mortality rate,case fatality rate , Thailand 2563  (2020)",Pediculosis Pubis,88,,,,,2020,Pediculosis
Reporting  areas,cases,Morbidity rate,deaths,CFR(%),Mortality rate,จำนวน,2020,Pediculosis
/100000  Pop.,/100000  pop.,ประชากร,,,,,2020,Pediculosis
ZONE:07,0,0.00,0,0.00,0.00,5039088,2020,Pediculosis
Kalasin,0,0.00,0,0.00,0.00,980297,2020,Pediculosis
Khon Kaen,0,0.00,0,0.00,0.00,1798702,2020,Pediculosis
Maha Sarakham,0,0.00,0,0.00,0.00,958163,2020,Pediculosis
Roi Et,0,0.00,0,0.00,0.00,1301926,2020,Pediculosis
ZONE:08,0,0.00,0,0.00,0.00,5540556,2020,Pediculosis
Bungkan,0,0.00,0,0.00,0.00,423067,2020,Pediculosis
Loei,0,0.00,0,0.00,0.00,640843,2020,Pediculosis
Nakhon Phanom,0,0.00,0,0.00,0.00,718169,2020,Pediculosis
Nong Bua Lam Phu,0,0.00,0,0.00,0.00,511125,2020,Pediculosis
Nong Khai,0,0.00,0,0.00,0.00,519873,2020,Pediculosis
Sakon Nakhon,0,0.00,0,0.00,0.00,1150164,2020,Pediculosis
Udon Thani,0,0.00,0,0.00,0.00,1577315,2020,Pediculosis
ZONE:09,0,0.00,0,0.00,0.00,6748199,2020,Pediculosis
Buri Ram,0,0.00,0,0.00,0.00,1588466,2020,Pediculosis
Chaiyaphum,0,0.00,0,0.00,0.00,1131140,2020,Pediculosis
Nakhon Ratchasima,0,0.00,0,0.00,0.00,2641067,2020,Pediculosis
Surin,0,0.00,0,0.00,0.00,1387526,2020,Pediculosis
ZONE:10,1,0.02,0,0.00,0.00,4603401,2020,Pediculosis
Amnat Charoen,0,0.00,0,0.00,0.00,377317,2020,Pediculosis
Mukdahan,0,0.00,0,0.00,0.00,352043,2020,Pediculosis
Si Sa Ket,0,0.00,0,0.00,0.00,1465719,2020,Pediculosis
Ubon Ratchathani,1,0.05,0,0.00,0.00,1872422,2020,Pediculosis
Yasothon,0,0.00,0,0.00,0.00,535900,2020,Pediculosis
ZONE:11,0,0.00,0,0.00,0.00,4489609,2020,Pediculosis
Chumphon,0,0.00,0,0.00,0.00,510256,2020,Pediculosis
Krabi,0,0.00,0,0.00,0.00,477254,2020,Pediculosis
Nakhon Si Thammarat,0,0.00,0,0.00,0.00,1556325,2020,Pediculosis
Phangnga,0,0.00,0,0.00,0.00,268509,2020,Pediculosis
Phuket,0,0.00,0,0.00,0.00,415527,2020,Pediculosis
Ranong,0,0.00,0,0.00,0.00,193871,2020,Pediculosis
Surat Thani,0,0.00,0,0.00,0.00,1067867,2020,Pediculosis
ZONE:12,0,0.00,0,0.00,0.00,4991217,2020,Pediculosis
Narathiwat,0,0.00,0,0.00,0.00,806224,2020,Pediculosis
Pattani,0,0.00,0,0.00,0.00,725559,2020,Pediculosis
Phatthalung,0,0.00,0,0.00,0.00,523971,2020,Pediculosis
Satun,0,0.00,0,0.00,0.00,323841,2020,Pediculosis
Songkhla,0,0.00,0,0.00,0.00,1432288,2020,Pediculosis
Trang,0,0.00,0,0.00,0.00,641868,2020,Pediculosis
Yala,0,0.00,0,0.00,0.00,537466,2020,Pediculosis
ZONE:13,2,0.04,0,0.00,0.00,5627243,2020,Pediculosis
Bangkok,2,0.04,0,0.00,0.00,5627243,2020,Pediculosis
Total,5,0.01,0,0.00,0.00,66179083,2021,Pediculosis
ZONE:01,0,0.00,0,0.00,0.00,5875424,2021,Pediculosis
Chiang Mai,0,0.00,0,0.00,0.00,1786877,2021,Pediculosis
Chiang Rai,0,0.00,0,0.00,0.00,1296725,2021,Pediculosis
Lampang,0,0.00,0,0.00,0.00,726821,2021,Pediculosis
Lamphun,0,0.00,0,0.00,0.00,401574,2021,Pediculosis
Mae Hong Son,0,0.00,0,0.00,0.00,285232,2021,Pediculosis
Nan,0,0.00,0,0.00,0.00,476300,2021,Pediculosis
Phayao,0,0.00,0,0.00,0.00,465930,2021,Pediculosis
Phrae,0,0.00,0,0.00,0.00,435965,2021,Pediculosis
ZONE:02,0,0.00,0,0.00,0.00,3536074,2021,Pediculosis
Phetchabun,0,0.00,0,0.00,0.00,980156,2021,Pediculosis
Phitsanulok,0,0.00,0,0.00,0.00,848432,2021,Pediculosis
Sukhothai,0,0.00,0,0.00,0.00,586617,2021,Pediculosis
Tak,0,0.00,0,0.00,0.00,673423,2021,Pediculosis
Uttaradit,0,0.00,0,0.00,0.00,447446,2021,Pediculosis
ZONE:03,1,0.03,0,0.00,0.00,2928596,2021,Pediculosis
Chai Nat,0,0.00,0,0.00,0.00,321454,2021,Pediculosis
Kamphaeng Phet,0,0.00,0,0.00,0.00,713130,2021,Pediculosis
Nakhon Sawan,1,0.10,0,0.00,0.00,1037668,2021,Pediculosis
Phichit,0,0.00,0,0.00,0.00,530852,2021,Pediculosis
Uthai Thani,0,0.00,0,0.00,0.00,325492,2021,Pediculosis
ZONE:04,2,0.04,0,0.00,0.00,5411959,2021,Pediculosis
Ang Thong,0,0.00,0,0.00,0.00,275673,2021,Pediculosis
Lop Buri,0,0.00,0,0.00,0.00,741200,2021,Pediculosis
Nakhon Nayok,0,0.00,0,0.00,0.00,260256,2021,Pediculosis
Nonthaburi,0,0.00,0,0.00,0.00,1282690,2021,Pediculosis
P.Nakhon S.Ayutthaya,0,0.00,0,0.00,0.00,819799,2021,Pediculosis
Pathum Thani,2,0.17,0,0.00,0.00,1183235,2021,Pediculosis
Saraburi,0,0.00,0,0.00,0.00,643895,2021,Pediculosis
Sing Buri,0,0.00,0,0.00,0.00,205211,2021,Pediculosis
ZONE:05,0,0.00,0,0.00,0.00,5332653,2021,Pediculosis
Kanchanaburi,0,0.00,0,0.00,0.00,893014,2021,Pediculosis
Nakhon Pathom,0,0.00,0,0.00,0.00,921450,2021,Pediculosis
Phetchaburi,0,0.00,0,0.00,0.00,482534,2021,Pediculosis
Prachuap Khiri Khan,0,0.00,0,0.00,0.00,551924,2021,Pediculosis
Ratchaburi,0,0.00,0,0.00,0.00,868797,2021,Pediculosis
Samut Sakhon,0,0.00,0,0.00,0.00,586494,2021,Pediculosis
Samut Songkhram,0,0.00,0,0.00,0.00,191447,2021,Pediculosis
Suphan Buri,0,0.00,0,0.00,0.00,836993,2021,Pediculosis
ZONE:06,0,0.00,0,0.00,0.00,6218594,2021,Pediculosis
Chachoengsao,0,0.00,0,0.00,0.00,722448,2021,Pediculosis
Chanthaburi,0,0.00,0,0.00,0.00,536058,2021,Pediculosis
Chon Buri,0,0.00,0,0.00,0.00,1575278,2021,Pediculosis
Prachin Buri,0,0.00,0,0.00,0.00,494498,2021,Pediculosis
Rayong,0,0.00,0,0.00,0.00,746433,2021,Pediculosis
Sa Kaeo,0,0.00,0,0.00,0.00,561459,2021,Pediculosis
Samut Prakan,0,0.00,0,0.00,0.00,1353964,2021,Pediculosis
Trat,0,0.00,0,0.00,0.00,228456,2021,Pediculosis
"Center of Epidemiological Information, Bureau of Epidemiology, Mininstry of Public Health",25/7/2565,,,,,,2021,Pediculosis
"Number of cases ,deaths, morbidity rate ,mortality rate,case fatality rate , Thailand",2564(2021),Pediculosis Pubis,88,,,,2021,Pediculosis
Reporting  areas,cases,Morbidity rate,deaths,CFR(%),Mortality rate,จำนวน,2021,Pediculosis
/100000  Pop.,/100000  pop.,ประชากร,,,,,2021,Pediculosis
ZONE:07,0,0.00,0,0.00,0.00,5017381,2021,Pediculosis
Kalasin,0,0.00,0,0.00,0.00,976373,2021,Pediculosis
Khon Kaen,0,0.00,0,0.00,0.00,1792697,2021,Pediculosis
Maha Sarakham,0,0.00,0,0.00,0.00,950985,2021,Pediculosis
Roi Et,0,0.00,0,0.00,0.00,1297326,2021,Pediculosis
ZONE:08,1,0.02,0,0.00,0.00,5518109,2021,Pediculosis
Bungkan,0,0.00,0,0.00,0.00,422019,2021,Pediculosis
Loei,0,0.00,0,0.00,0.00,638734,2021,Pediculosis
Nakhon Phanom,0,0.00,0,0.00,0.00,717121,2021,Pediculosis
Nong Bua Lam Phu,0,0.00,0,0.00,0.00,509236,2021,Pediculosis
Nong Khai,0,0.00,0,0.00,0.00,517140,2021,Pediculosis
Sakon Nakhon,1,0.09,0,0.00,0.00,1146612,2021,Pediculosis
Udon Thani,0,0.00,0,0.00,0.00,1567247,2021,Pediculosis
ZONE:09,1,0.01,0,0.00,0.00,6714997,2021,Pediculosis
Buri Ram,0,0.00,0,0.00,0.00,1580495,2021,Pediculosis
Chaiyaphum,0,0.00,0,0.00,0.00,1123595,2021,Pediculosis
Nakhon Ratchasima,1,0.04,0,0.00,0.00,2633681,2021,Pediculosis
Surin,0,0.00,0,0.00,0.00,1377226,2021,Pediculosis
ZONE:10,0,0.00,0,0.00,0.00,4587095,2021,Pediculosis
Amnat Charoen,0,0.00,0,0.00,0.00,376273,2021,Pediculosis
Mukdahan,0,0.00,0,0.00,0.00,351198,2021,Pediculosis
Si Sa Ket,0,0.00,0,0.00,0.00,1458068,2021,Pediculosis
Ubon Ratchathani,0,0.00,0,0.00,0.00,1867608,2021,Pediculosis
Yasothon,0,0.00,0,0.00,0.00,533948,2021,Pediculosis
ZONE:11,0,0.00,0,0.00,0.00,4487259,2021,Pediculosis
Chumphon,0,0.00,0,0.00,0.00,509344,2021,Pediculosis
Krabi,0,0.00,0,0.00,0.00,478561,2021,Pediculosis
Nakhon Si Thammarat,0,0.00,0,0.00,0.00,1550033,2021,Pediculosis
Phangnga,0,0.00,0,0.00,0.00,268123,2021,Pediculosis
Phuket,0,0.00,0,0.00,0.00,416629,2021,Pediculosis
Ranong,0,0.00,0,0.00,0.00,194473,2021,Pediculosis
Surat Thani,0,0.00,0,0.00,0.00,1070096,2021,Pediculosis
ZONE:12,0,0.00,0,0.00,0.00,4992834,2021,Pediculosis
Narathiwat,0,0.00,0,0.00,0.00,807045,2021,Pediculosis
Pattani,0,0.00,0,0.00,0.00,727799,2021,Pediculosis
Phatthalung,0,0.00,0,0.00,0.00,522810,2021,Pediculosis
Satun,0,0.00,0,0.00,0.00,324467,2021,Pediculosis
Songkhla,0,0.00,0,0.00,0.00,1430073,2021,Pediculosis
Trang,0,0.00,0,0.00,0.00,640182,2021,Pediculosis
Yala,0,0.00,0,0.00,0.00,540458,2021,Pediculosis
ZONE:13,0,0.00,0,0.00,0.00,5558108,2021,Pediculosis
Bangkok,0,0.00,0,0.00,0.00,5558108,2021,Pediculosis
Total,6,0.01,0,0.00,0.00,66171439,2022,Pediculosis
ZONE:01,2,0.03,0,0.00,0.00,5874503,2022,Pediculosis
Chiang Mai,0,0.00,0,0.00,0.00,1789385,2022,Pediculosis
Chiang Rai,2,0.15,0,0.00,0.00,1298425,2022,Pediculosis
Lampang,0,0.00,0,0.00,0.00,724678,2022,Pediculosis
Lamphun,0,0.00,0,0.00,0.00,401139,2022,Pediculosis
Mae Hong Son,0,0.00,0,0.00,0.00,285916,2022,Pediculosis
Nan,0,0.00,0,0.00,0.00,475875,2022,Pediculosis
Phayao,0,0.00,0,0.00,0.00,464505,2022,Pediculosis
Phrae,0,0.00,0,0.00,0.00,434580,2022,Pediculosis
ZONE:02,0,0.00,0,0.00,0.00,3533839,2022,Pediculosis
Phetchabun,0,0.00,0,0.00,0.00,978372,2022,Pediculosis
Phitsanulok,0,0.00,0,0.00,0.00,847384,2022,Pediculosis
Sukhothai,0,0.00,0,0.00,0.00,585352,2022,Pediculosis
Tak,0,0.00,0,0.00,0.00,676583,2022,Pediculosis
Uttaradit,0,0.00,0,0.00,0.00,446148,2022,Pediculosis
ZONE:03,0,0.00,0,0.00,0.00,2922114,2022,Pediculosis
Chai Nat,0,0.00,0,0.00,0.00,320432,2022,Pediculosis
Kamphaeng Phet,0,0.00,0,0.00,0.00,712143,2022,Pediculosis
Nakhon Sawan,0,0.00,0,0.00,0.00,1035028,2022,Pediculosis
Phichit,0,0.00,0,0.00,0.00,529395,2022,Pediculosis
Uthai Thani,0,0.00,0,0.00,0.00,325116,2022,Pediculosis
ZONE:04,2,0.04,0,0.00,0.00,5422367,2022,Pediculosis
Ang Thong,0,0.00,0,0.00,0.00,274763,2022,Pediculosis
Lop Buri,0,0.00,0,0.00,0.00,739473,2022,Pediculosis
Nakhon Nayok,0,0.00,0,0.00,0.00,260433,2022,Pediculosis
Nonthaburi,0,0.00,0,0.00,0.00,1288637,2022,Pediculosis
P.Nakhon S.Ayutthaya,0,0.00,0,0.00,0.00,820512,2022,Pediculosis
Pathum Thani,2,0.17,0,0.00,0.00,1190060,2022,Pediculosis
Saraburi,0,0.00,0,0.00,0.00,643963,2022,Pediculosis
Sing Buri,0,0.00,0,0.00,0.00,204526,2022,Pediculosis
ZONE:05,1,0.02,0,0.00,0.00,5333543,2022,Pediculosis
Kanchanaburi,0,0.00,0,0.00,0.00,894054,2022,Pediculosis
Nakhon Pathom,0,0.00,0,0.00,0.00,922171,2022,Pediculosis
Phetchaburi,0,0.00,0,0.00,0.00,482875,2022,Pediculosis
Prachuap Khiri Khan,1,0.18,0,0.00,0.00,553171,2022,Pediculosis
Ratchaburi,0,0.00,0,0.00,0.00,868281,2022,Pediculosis
Samut Sakhon,0,0.00,0,0.00,0.00,586789,2022,Pediculosis
Samut Songkhram,0,0.00,0,0.00,0.00,190842,2022,Pediculosis
Suphan Buri,0,0.00,0,0.00,0.00,835360,2022,Pediculosis
ZONE:06,0,0.00,0,0.00,0.00,6237892,2022,Pediculosis
Chachoengsao,0,0.00,0,0.00,0.00,724178,2022,Pediculosis
Chanthaburi,0,0.00,0,0.00,0.00,536557,2022,Pediculosis
Chon Buri,0,0.00,0,0.00,0.00,1583672,2022,Pediculosis
Prachin Buri,0,0.00,0,0.00,0.00,495325,2022,Pediculosis
Rayong,0,0.00,0,0.00,0.00,751343,2022,Pediculosis
Sa Kaeo,0,0.00,0,0.00,0.00,561992,2022,Pediculosis
Samut Prakan,0,0.00,0,0.00,0.00,1356449,2022,Pediculosis
Trat,0,0.00,0,0.00,0.00,228376,2022,Pediculosis
"Center of Epidemiological Information, Bureau of Epidemiology, Mininstry of Public Health",14/6/2566,,,,,,2022,Pediculosis
"Number of cases ,deaths, morbidity rate ,mortality rate,case fatality rate , Thailand",2565(2022),Pediculosis Pubis,88,,,,2022,Pediculosis
Reporting  areas,cases,Morbidity rate,deaths,CFR(%),Mortality rate,จำนวน,2022,Pediculosis
/100000  Pop.,/100000  pop.,ประชากร,,,,,2022,Pediculosis
ZONE:07,0,0.00,0,0.00,0.00,5010756,2022,Pediculosis
Kalasin,0,0.00,0,0.00,0.00,975570,2022,Pediculosis
Khon Kaen,0,0.00,0,0.00,0.00,1790863,2022,Pediculosis
Maha Sarakham,0,0.00,0,0.00,0.00,948310,2022,Pediculosis
Roi Et,0,0.00,0,0.00,0.00,1296013,2022,Pediculosis
ZONE:08,0,0.00,0,0.00,0.00,5516407,2022,Pediculosis
Bungkan,0,0.00,0,0.00,0.00,421995,2022,Pediculosis
Loei,0,0.00,0,0.00,0.00,638732,2022,Pediculosis
Nakhon Phanom,0,0.00,0,0.00,0.00,717040,2022,Pediculosis
Nong Bua Lam Phu,0,0.00,0,0.00,0.00,509001,2022,Pediculosis
Nong Khai,0,0.00,0,0.00,0.00,516843,2022,Pediculosis
Sakon Nakhon,0,0.00,0,0.00,0.00,1146286,2022,Pediculosis
Udon Thani,0,0.00,0,0.00,0.00,1566510,2022,Pediculosis
ZONE:09,0,0.00,0,0.00,0.00,6712454,2022,Pediculosis
Buri Ram,0,0.00,0,0.00,0.00,1579805,2022,Pediculosis
Chaiyaphum,0,0.00,0,0.00,0.00,1122265,2022,Pediculosis
Nakhon Ratchasima,0,0.00,0,0.00,0.00,2634154,2022,Pediculosis
Surin,0,0.00,0,0.00,0.00,1376230,2022,Pediculosis
ZONE:10,0,0.00,0,0.00,0.00,4587303,2022,Pediculosis
Amnat Charoen,0,0.00,0,0.00,0.00,376350,2022,Pediculosis
Mukdahan,0,0.00,0,0.00,0.00,351484,2022,Pediculosis
Si Sa Ket,0,0.00,0,0.00,0.00,1457556,2022,Pediculosis
Ubon Ratchathani,0,0.00,0,0.00,0.00,1868519,2022,Pediculosis
Yasothon,0,0.00,0,0.00,0.00,533394,2022,Pediculosis
ZONE:11,0,0.00,0,0.00,0.00,4492012,2022,Pediculosis
Chumphon,0,0.00,0,0.00,0.00,509479,2022,Pediculosis
Krabi,0,0.00,0,0.00,0.00,479351,2022,Pediculosis
Nakhon Si Thammarat,0,0.00,0,0.00,0.00,1549344,2022,Pediculosis
Phangnga,0,0.00,0,0.00,0.00,268016,2022,Pediculosis
Phuket,0,0.00,0,0.00,0.00,418785,2022,Pediculosis
Ranong,0,0.00,0,0.00,0.00,194573,2022,Pediculosis
Surat Thani,0,0.00,0,0.00,0.00,1072464,2022,Pediculosis
ZONE:12,0,0.00,0,0.00,0.00,5000255,2022,Pediculosis
Narathiwat,0,0.00,0,0.00,0.00,809660,2022,Pediculosis
Pattani,0,0.00,0,0.00,0.00,729581,2022,Pediculosis
Phatthalung,0,0.00,0,0.00,0.00,522541,2022,Pediculosis
Satun,0,0.00,0,0.00,0.00,324835,2022,Pediculosis
Songkhla,0,0.00,0,0.00,0.00,1431536,2022,Pediculosis
Trang,0,0.00,0,0.00,0.00,639788,2022,Pediculosis
Yala,0,0.00,0,0.00,0.00,542314,2022,Pediculosis
ZONE:13,1,0.02,0,0.00,0.00,5527994,2022,Pediculosis
Bangkok,1,0.02,0,0.00,0.00,5527994,2022,Pediculosis
Total,8,0.01,0,0.00,0.00,66130957,2023,Pediculosis
ZONE:01,0,0.00,0,0.00,0.00,5869190,2023,Pediculosis
Chiang Mai,0,0.00,0,0.00,0.00,1790929,2023,Pediculosis
Chiang Rai,0,0.00,0,0.00,0.00,1299030,2023,Pediculosis
Lampang,0,0.00,0,0.00,0.00,721734,2023,Pediculosis
Lamphun,0,0.00,0,0.00,0.00,400348,2023,Pediculosis
Mae Hong Son,0,0.00,0,0.00,0.00,286350,2023,Pediculosis
Nan,0,0.00,0,0.00,0.00,475207,2023,Pediculosis
Phayao,0,0.00,0,0.00,0.00,462968,2023,Pediculosis
Phrae,0,0.00,0,0.00,0.00,432624,2023,Pediculosis
ZONE:02,0,0.00,0,0.00,0.00,3530228,2023,Pediculosis
Phetchabun,0,0.00,0,0.00,0.00,975879,2023,Pediculosis
Phitsanulok,0,0.00,0,0.00,0.00,845938,2023,Pediculosis
Sukhothai,0,0.00,0,0.00,0.00,583502,2023,Pediculosis
Tak,0,0.00,0,0.00,0.00,680361,2023,Pediculosis
Uttaradit,0,0.00,0,0.00,0.00,444548,2023,Pediculosis
ZONE:03,0,0.00,0,0.00,0.00,2913905,2023,Pediculosis
Chai Nat,0,0.00,0,0.00,0.00,319370,2023,Pediculosis
Kamphaeng Phet,0,0.00,0,0.00,0.00,710458,2023,Pediculosis
Nakhon Sawan,0,0.00,0,0.00,0.00,1031921,2023,Pediculosis
Phichit,0,0.00,0,0.00,0.00,527669,2023,Pediculosis
Uthai Thani,0,0.00,0,0.00,0.00,324487,2023,Pediculosis
ZONE:04,0,0.00,0,0.00,0.00,5424945,2023,Pediculosis
Ang Thong,0,0.00,0,0.00,0.00,273675,2023,Pediculosis
Lop Buri,0,0.00,0,0.00,0.00,737382,2023,Pediculosis
Nakhon Nayok,0,0.00,0,0.00,0.00,260419,2023,Pediculosis
Nonthaburi,0,0.00,0,0.00,0.00,1292276,2023,Pediculosis
P.Nakhon S.Ayutthaya,0,0.00,0,0.00,0.00,820464,2023,Pediculosis
Pathum Thani,0,0.00,0,0.00,0.00,1195796,2023,Pediculosis
Saraburi,0,0.00,0,0.00,0.00,641272,2023,Pediculosis
Sing Buri,0,0.00,0,0.00,0.00,203661,2023,Pediculosis
ZONE:05,0,0.00,0,0.00,0.00,5330665,2023,Pediculosis
Kanchanaburi,0,0.00,0,0.00,0.00,894168,2023,Pediculosis
Nakhon Pathom,0,0.00,0,0.00,0.00,922026,2023,Pediculosis
Phetchaburi,0,0.00,0,0.00,0.00,482912,2023,Pediculosis
Prachuap Khiri Khan,0,0.00,0,0.00,0.00,553234,2023,Pediculosis
Ratchaburi,0,0.00,0,0.00,0.00,867043,2023,Pediculosis
Samut Sakhon,0,0.00,0,0.00,0.00,588108,2023,Pediculosis
Samut Songkhram,0,0.00,0,0.00,0.00,190147,2023,Pediculosis
Suphan Buri,0,0.00,0,0.00,0.00,833027,2023,Pediculosis
ZONE:06,0,0.00,0,0.00,0.00,6251747,2023,Pediculosis
Chachoengsao,0,0.00,0,0.00,0.00,725433,2023,Pediculosis
Chanthaburi,0,0.00,0,0.00,0.00,536351,2023,Pediculosis
Chon Buri,0,0.00,0,0.00,0.00,1589214,2023,Pediculosis
Prachin Buri,0,0.00,0,0.00,0.00,496551,2023,Pediculosis
Rayong,0,0.00,0,0.00,0.00,755364,2023,Pediculosis
Sa Kaeo,0,0.00,0,0.00,0.00,562404,2023,Pediculosis
Samut Prakan,0,0.00,0,0.00,0.00,1358338,2023,Pediculosis
Trat,0,0.00,0,0.00,0.00,228092,2023,Pediculosis
"Center of Epidemiological Information, Bureau of Epidemiology, Mininstry of Public Health",2/7/2567,,,,,,2023,Pediculosis
"Number of cases ,deaths, morbidity rate ,mortality rate,case fatality rate , Thailand",2566(2023),Pediculosis Pubis,88,,,,2023,Pediculosis
Reporting  areas,cases,Morbidity rate,deaths,CFR(%),Mortality rate,จำนวน,2023,Pediculosis
/100000  Pop.,/100000  pop.,ประชากร,,,,,2023,Pediculosis
ZONE:07,0,0.00,0,0.00,0.00,5001616,2023,Pediculosis
Kalasin,0,0.00,0,0.00,0.00,973835,2023,Pediculosis
Khon Kaen,0,0.00,0,0.00,0.00,1787752,2023,Pediculosis
Maha Sarakham,0,0.00,0,0.00,0.00,946457,2023,Pediculosis
Roi Et,0,0.00,0,0.00,0.00,1293572,2023,Pediculosis
ZONE:08,0,0.00,0,0.00,0.00,5512222,2023,Pediculosis
Bungkan,0,0.00,0,0.00,0.00,421840,2023,Pediculosis
Loei,0,0.00,0,0.00,0.00,638037,2023,Pediculosis
Nakhon Phanom,0,0.00,0,0.00,0.00,716844,2023,Pediculosis
Nong Bua Lam Phu,0,0.00,0,0.00,0.00,508664,2023,Pediculosis
Nong Khai,0,0.00,0,0.00,0.00,516320,2023,Pediculosis
Sakon Nakhon,0,0.00,0,0.00,0.00,1145737,2023,Pediculosis
Udon Thani,0,0.00,0,0.00,0.00,1564780,2023,Pediculosis
ZONE:09,3,0.04,0,0.00,0.00,6705133,2023,Pediculosis
Buri Ram,3,0.19,0,0.00,0.00,1578361,2023,Pediculosis
Chaiyaphum,0,0.00,0,0.00,0.00,1120095,2023,Pediculosis
Nakhon Ratchasima,0,0.00,0,0.00,0.00,2632106,2023,Pediculosis
Surin,0,0.00,0,0.00,0.00,1374571,2023,Pediculosis
ZONE:10,0,0.00,0,0.00,0.00,4585207,2023,Pediculosis
Amnat Charoen,0,0.00,0,0.00,0.00,375866,2023,Pediculosis
Mukdahan,0,0.00,0,0.00,0.00,351537,2023,Pediculosis
Si Sa Ket,0,0.00,0,0.00,0.00,1456144,2023,Pediculosis
Ubon Ratchathani,0,0.00,0,0.00,0.00,1869163,2023,Pediculosis
Yasothon,0,0.00,0,0.00,0.00,532497,2023,Pediculosis
ZONE:11,0,0.00,0,0.00,0.00,4489916,2023,Pediculosis
Chumphon,0,0.00,0,0.00,0.00,509433,2023,Pediculosis
Krabi,0,0.00,0,0.00,0.00,479705,2023,Pediculosis
Nakhon Si Thammarat,0,0.00,0,0.00,0.00,1547246,2023,Pediculosis
Phangnga,0,0.00,0,0.00,0.00,267729,2023,Pediculosis
Phuket,0,0.00,0,0.00,0.00,418339,2023,Pediculosis
Ranong,0,0.00,0,0.00,0.00,194400,2023,Pediculosis
Surat Thani,0,0.00,0,0.00,0.00,1073064,2023,Pediculosis
ZONE:12,0,0.00,0,0.00,0.00,5004720,2023,Pediculosis
Narathiwat,0,0.00,0,0.00,0.00,811891,2023,Pediculosis
Pattani,0,0.00,0,0.00,0.00,731269,2023,Pediculosis
Phatthalung,0,0.00,0,0.00,0.00,522080,2023,Pediculosis
Satun,0,0.00,0,0.00,0.00,325069,2023,Pediculosis
Songkhla,0,0.00,0,0.00,0.00,1431300,2023,Pediculosis
Trang,0,0.00,0,0.00,0.00,638997,2023,Pediculosis
Yala,0,0.00,0,0.00,0.00,544114,2023,Pediculosis
ZONE:13,5,0.09,0,0.00,0.00,5511463,2023,Pediculosis
Bangkok,5,0.09,0,0.00,0.00,5511463,2023,Pediculosis
